address1,Postal Latitude,Postal Longitude,Venue,Venue Latitude,Venue Longitude,Venue Category
Agarpara,22.6828782,88.38536450000001,Agarpara Railway Station,22.682885571740055,88.38536381721497,Train Station
Agarpara,22.6828782,88.38536450000001,Axis Bank ATM,22.67623833,88.38905667,ATM
Agarpara,22.6828782,88.38536450000001,Sleepwell,22.68046,88.37426,Mattress Store
Agarpara,22.6828782,88.38536450000001,Shamvu da's tea shop,22.694959306645416,88.37966126257591,Bakery
Baghajatin,22.480517499999998,88.3887598,Inox,22.48319670950164,88.39080333709717,Multiplex
Baghajatin,22.480517499999998,88.3887598,Metropolis Mall,22.48319670950164,88.39080333709717,Shopping Mall
Baghajatin,22.480517499999998,88.3887598,Big Bazaar,22.48319670950164,88.39080333709717,Department Store
Baghajatin,22.480517499999998,88.3887598,Kavi Subash Metro Station,22.47231141705965,88.3981204032898,Metro Station
Baghajatin,22.480517499999998,88.3887598,Patuli Bus Stand,22.471491537169943,88.37981290852971,Bus Station
Bally,22.64259075,88.31841856805198,Axis Bank ATM,22.642002,88.322715,ATM
Bally Ghat,22.652442,88.3479045,Bally Ghat Railway Station,22.65242297769844,88.347909450531,Train Station
Bally Ghat,22.652442,88.3479045,Bally Halt,22.652869389603612,88.34723946031961,Bus Station
Bally Ghat,22.652442,88.3479045,Lenskart.com,22.65756,88.3485189,Optical Shop
Bally Ghat,22.652442,88.3479045,Bally Railway Station,22.65502696716386,88.34043145179749,Train Station
Bally Ghat,22.652442,88.3479045,Dakshineshwar Belur Ferry Terminal,22.65560122435269,88.35728645324706,Boat or Ferry
Bally Ghat,22.652442,88.3479045,Thatware,22.651007099579683,88.33745956420898,Business Service
Bally Halt,22.6523408,88.33863609999999,Thatware,22.651007099579683,88.33745956420898,Business Service
Bally Halt,22.6523408,88.33863609999999,Bally Railway Station,22.65502696716386,88.34043145179749,Train Station
Bally Halt,22.6523408,88.33863609999999,UCO Bank ATM,22.64829,88.34529,ATM
Bally Halt,22.6523408,88.33863609999999,Bally Halt,22.652869389603612,88.34723946031961,Bus Station
Bally Halt,22.6523408,88.33863609999999,Bally Ghat Railway Station,22.65242297769844,88.347909450531,Train Station
Bally Halt,22.6523408,88.33863609999999,Shivansh Exim Enterprises,22.654452707572705,88.32881212234497,Electronics Store
Ballygunge Junction,22.5191616,88.3721923,Sienna Store & Cafe,22.517641332811532,88.3629834651947,Arts & Crafts Store
Ballygunge Junction,22.5191616,88.3721923,6 Ballygunge Place,22.527711762714475,88.36867703124626,Bengali Restaurant
Ballygunge Junction,22.5191616,88.3721923,Fabindia,22.518523398976704,88.36346626281738,Boutique
Ballygunge Junction,22.5191616,88.3721923,China Whites,22.52196025547201,88.36548200870713,Chinese Restaurant
Ballygunge Junction,22.5191616,88.3721923,Byloom,22.51775035253012,88.363037109375,Boutique
Ballygunge Junction,22.5191616,88.3721923,Wise Owl,22.517164950856994,88.36104199399729,Coffee Shop
Ballygunge Junction,22.5191616,88.3721923,Chowman,22.526977073385158,88.36850881576538,Chinese Restaurant
Ballygunge Junction,22.5191616,88.3721923,Aminia,22.51657095282566,88.36673855781555,Mughlai Restaurant
Ballygunge Junction,22.5191616,88.3721923,Triangular Park,22.517923808219937,88.35828938743566,Park
Ballygunge Junction,22.5191616,88.3721923,Cream Centre,22.52709599594756,88.36844444274902,Vegetarian / Vegan Restaurant
Ballygunge Junction,22.5191616,88.3721923,Mrs Magpie,22.516370255655424,88.36180597543716,Café
Ballygunge Junction,22.5191616,88.3721923,Gariahat Junction,22.5197036586171,88.36542244843267,Plaza
Ballygunge Junction,22.5191616,88.3721923,Balaram Mullick & Radharaman Mullick,22.52824557543919,88.36643815040588,Indian Sweet Shop
Ballygunge Junction,22.5191616,88.3721923,Smoke Shack,22.523251858661805,88.36377448643061,Lounge
Ballygunge Junction,22.5191616,88.3721923,Barista,22.520317246507002,88.3624255657196,Café
Ballygunge Junction,22.5191616,88.3721923,Bohemian,22.529425566363432,88.3686920178698,Bengali Restaurant
Ballygunge Junction,22.5191616,88.3721923,Bhojohori Manna,22.520287514417266,88.36103081703186,Bengali Restaurant
Ballygunge Junction,22.5191616,88.3721923,Kimli,22.5172250749132,88.36501657962799,Chinese Restaurant
Ballygunge Junction,22.5191616,88.3721923,Golpark,22.516224068644274,88.36621820926666,Plaza
Ballygunge Junction,22.5191616,88.3721923,Hotel Park Plaza,22.523317433172185,88.36381243056712,Hotel
Ballygunge Junction,22.5191616,88.3721923,Mama Mia!,22.527692395184957,88.36126689677388,Ice Cream Shop
Ballygunge Junction,22.5191616,88.3721923,Mirch Masala,22.52339692924683,88.36471856320847,Indian Restaurant
Ballygunge Junction,22.5191616,88.3721923,Pantaloons,22.52301404801808,88.36527703264542,Clothing Store
Ballygunge Junction,22.5191616,88.3721923,Dakshinapan Shopping Complex,22.50874853415032,88.3666005339919,Shopping Mall
Ballygunge Junction,22.5191616,88.3721923,Cafe Coffee Day,22.516449193049613,88.36690548565103,Café
Ballygunge Junction,22.5191616,88.3721923,Cafe Coffee Day,22.515104122344468,88.35831642150879,Café
Ballygunge Junction,22.5191616,88.3721923,Cafe Coffee Day,22.521060546671123,88.36567103862762,Café
Ballygunge Junction,22.5191616,88.3721923,Ballygunge Phari,22.527779798694564,88.36609482765198,Plaza
Ballygunge Junction,22.5191616,88.3721923,Fillers,22.51469776790359,88.36062848567963,Vegetarian / Vegan Restaurant
Ballygunge Junction,22.5191616,88.3721923,Domino's Pizza,22.528,88.367,Pizza Place
Ballygunge Junction,22.5191616,88.3721923,Dolly's Tea,22.509053307081395,88.36671726578084,Tea Room
Ballygunge Junction,22.5191616,88.3721923,Gariahat Market,22.519053297571688,88.36541838630836,Market
Ballygunge Junction,22.5191616,88.3721923,Bhojohori Manna,22.520991172158308,88.36632549762726,Bengali Restaurant
Ballygunge Junction,22.5191616,88.3721923,Ice Skating Rink,22.52705001628729,88.36606309048823,Flea Market
Ballygunge Junction,22.5191616,88.3721923,Ballygunge Dhaba,22.528196024796333,88.36578369140625,Dhaba
Ballygunge Junction,22.5191616,88.3721923,Tandoor Park,22.50649113476751,88.36726427078247,Asian Restaurant
Ballygunge Junction,22.5191616,88.3721923,Spencer's Hyper,22.519152585285212,88.36153573639466,Department Store
Ballygunge Junction,22.5191616,88.3721923,Indthalia,22.514182389821183,88.36228609085083,Café
Ballygunge Junction,22.5191616,88.3721923,What's Up?,22.514182389821183,88.36228609085083,Café
Ballygunge Junction,22.5191616,88.3721923,The French Loaf,22.51442025686723,88.36074113845825,Bakery
Ballygunge Junction,22.5191616,88.3721923,Vivekananda Park,22.514595585300025,88.35955398100334,Park
Bandar,22.64539635,88.4370975725473,O2 Hotel Kolkata,22.63313975970929,88.43453647133795,Chinese Restaurant
Bandar,22.64539635,88.4370975725473,Chicago Crust,22.642496580970697,88.43964298001526,Pizza Place
Bandar,22.64539635,88.4370975725473,The Coffee Bean and Tea Leaf,22.642346748941897,88.43970923276106,Café
Bandar,22.64539635,88.4370975725473,Immigration Check,22.64060121859067,88.43879557464575,Airport Service
Bandar,22.64539635,88.4370975725473,Cafe Coffee Day,22.642308156610948,88.43933064380177,Coffee Shop
Bandar,22.64539635,88.4370975725473,Wow! Momo,22.641724921446727,88.43923126362142,Dumpling Restaurant
Bandar,22.64539635,88.4370975725473,Clipper Lounge,22.643392296576337,88.43978021793669,Airport Lounge
Bandar,22.64539635,88.4370975725473,Subway,22.64518501372867,88.44019889831543,Sandwich Place
Bandar,22.64539635,88.4370975725473,Copper Chimney,22.6435841587933,88.43946788272059,Indian Restaurant
Bandar,22.64539635,88.4370975725473,The Irish House,22.64335331182631,88.43933537618557,Irish Pub
Bandar,22.64539635,88.4370975725473,Club Lounge,22.64580466105283,88.44037175568565,Airport Lounge
Bandar,22.64539635,88.4370975725473,T2,22.643224573955887,88.43993165237585,Airport Terminal
Bandar,22.64539635,88.4370975725473,Skyber Cafe,22.64469310422598,88.44073140665664,Café
Bandar,22.64539635,88.4370975725473,Spicejet Check-in Counter,22.64300559935558,88.44031970069048,Airport Service
Bandar,22.64539635,88.4370975725473,Flurys,22.641568658312956,88.43911768599108,Bakery
Bandar,22.64539635,88.4370975725473,Kolkata Duty Free,22.640745643795743,88.43876748640797,Duty-free Shop
Bandar,22.64539635,88.4370975725473,Kaikhali,22.634793021758593,88.43447415461846,Bus Station
Bandar,22.64539635,88.4370975725473,Tarmac,22.656179154200334,88.4443514099697,Airport Terminal
Baranagar Road,22.653485600000003,88.3788583,Domino's Pizza,22.641,88.378,Pizza Place
Baranagar Road,22.653485600000003,88.3788583,Baranagar Road,22.654701495586117,88.3736708213393,Train Station
Baranagar Road,22.653485600000003,88.3788583,Mio Amore,22.660130988651808,88.38401139431238,Bakery
Baranagar Road,22.653485600000003,88.3788583,HDFC Bank ATM,22.66226,88.379526,ATM
Baranagar Road,22.653485600000003,88.3788583,HDFC Bank ATM,22.641220225079138,88.377983643671,Bank
Baranagar Road,22.653485600000003,88.3788583,Belgharia Railway Station,22.661343664102905,88.38923692703247,Train Station
Barasat Junction,22.724236899999998,88.48401362527414,Champadali Ac Bus Stand,22.7202030162105,88.48505896791299,Bus Line
Barasat Junction,22.724236899999998,88.48401362527414,Tarakeshwar Mistanna Bhandar,22.724771967070737,88.47758438716463,Indian Sweet Shop
Barasat Junction,22.724236899999998,88.48401362527414,Monginis Cake Shop,22.717865,88.480499,Convenience Store
Barasat Junction,22.724236899999998,88.48401362527414,Cyber Duniya,22.715812439457586,88.47572617705596,Gaming Cafe
Barasat Junction,22.724236899999998,88.48401362527414,Milan Bhandar,22.73630556888506,88.48221774077342,Department Store
Barasat Junction,22.724236899999998,88.48401362527414,City Mall,22.714360764131595,88.47530364990234,Shopping Mall
Barasat Junction,22.724236899999998,88.48401362527414,Jaya Multiplex,22.714360764131595,88.47530364990234,Multiplex
Barrackpore,22.760336300000002,88.3710985,Barrackpore Railway Station,22.76023427278455,88.3711266517639,Train Station
Barrackpore,22.760336300000002,88.3710985,New Barrackpore Railway Station,22.760273846385964,88.37127685546875,Train Station
Barrackpore,22.760336300000002,88.3710985,Mio Amore,22.75172207080901,88.37570880205425,Bakery
Barrackpore,22.760336300000002,88.3710985,Titagarh Railway Station,22.77022594112957,88.37737229176278,Platform
Belanagar,22.661233499999998,88.31707879999999,Shivansh Exim Enterprises,22.654452707572705,88.32881212234497,Electronics Store
Belgharia,22.6656371,88.3980035,MedPlus,22.664896,88.399169,Pharmacy
Belgharia,22.6656371,88.3980035,Nandan Nagar Bazaar,22.667805,88.396203,Department Store
Belgharia,22.6656371,88.3980035,Belgharia Railway Station,22.661343664102905,88.38923692703247,Train Station
Belgharia,22.6656371,88.3980035,Axis Bank ATM,22.67623833,88.38905667,ATM
Belur,22.6357323,88.3398223,Belur Railway Station,22.63571864662064,88.33981990814209,Train Station
Belur,22.6357323,88.3398223,Monginis Cake Shop,22.633497,88.341389,Convenience Store
Belur,22.6357323,88.3398223,UCO Bank ATM,22.639601,88.348188,ATM
Belur,22.6357323,88.3398223,Axis Bank ATM,22.64256205,88.35081135,ATM
Belur,22.6357323,88.3398223,Big Bazaar,22.626656268879483,88.34892775751818,Shopping Mall
Belur,22.6357323,88.3398223,HDFC Bank ATM,22.623057,88.337863,ATM
Belur Math,22.6323298,88.35645069606947,Inox,22.62280531191644,88.34954023361206,Multiplex
Belur Math,22.6323298,88.35645069606947,Domino's Pizza,22.62280531191644,88.34954023361206,Pizza Place
Belur Math,22.6323298,88.35645069606947,Belur Math Ferry Service,22.630835010098004,88.36372125138433,Boat or Ferry
Belur Math,22.6323298,88.35645069606947,Big Bazaar,22.626656268879483,88.34892775751818,Shopping Mall
Belur Math,22.6323298,88.35645069606947,UCO Bank ATM,22.639601,88.348188,ATM
Belur Math,22.6323298,88.35645069606947,R. D. Mall,22.62280531191644,88.34954023361206,Shopping Mall
Belur Math,22.6323298,88.35645069606947,Axis Bank ATM,22.64256205,88.35081135,ATM
Benoy Badal Dinesh Bagh,22.563287699999997,88.34586750000001,Eden Garden,22.564541597977065,88.34329605102539,Cricket Ground
Benoy Badal Dinesh Bagh,22.563287699999997,88.34586750000001,The Oberoi Grand,22.56174943131244,88.35159438973265,Hotel
Benoy Badal Dinesh Bagh,22.563287699999997,88.34586750000001,Blue & Beyond,22.55913129083683,88.35327973820304,Pub
Benoy Badal Dinesh Bagh,22.563287699999997,88.34586750000001,Lalit Great Eastern Hotel,22.56796710486943,88.35001000801633,Hotel
Benoy Badal Dinesh Bagh,22.563287699999997,88.34586750000001,Peter Cat,22.552364717378428,88.35254430770874,Indian Restaurant
Benoy Badal Dinesh Bagh,22.563287699999997,88.34586750000001,Esplanade,22.564244372033293,88.35230827331543,Neighborhood
Benoy Badal Dinesh Bagh,22.563287699999997,88.34586750000001,Aqua,22.55473429407938,88.3521798097082,Lounge
Benoy Badal Dinesh Bagh,22.563287699999997,88.34586750000001,Oxford Bookstore,22.55365167988345,88.35173187860914,Bookstore
Benoy Badal Dinesh Bagh,22.563287699999997,88.34586750000001,Baan Thai,22.561681720242696,88.35157777094761,Thai Restaurant
Benoy Badal Dinesh Bagh,22.563287699999997,88.34586750000001,Princep Ghat,22.559267458018144,88.33305706140452,Harbor / Marina
Benoy Badal Dinesh Bagh,22.563287699999997,88.34586750000001,Maidan,22.549906,88.344219,Field
Benoy Badal Dinesh Bagh,22.563287699999997,88.34586750000001,Arsalan,22.553897023487213,88.35406338023041,Mughlai Restaurant
Benoy Badal Dinesh Bagh,22.563287699999997,88.34586750000001,Flurys,22.552786429700397,88.35262520281624,Bakery
Benoy Badal Dinesh Bagh,22.563287699999997,88.34586750000001,Bar-B-Q,22.55312518463798,88.35262477397919,BBQ Joint
Benoy Badal Dinesh Bagh,22.563287699999997,88.34586750000001,Mocambo,22.55320566647117,88.35329612619873,Restaurant
Benoy Badal Dinesh Bagh,22.563287699999997,88.34586750000001,Raj's Spanish Cafe,22.558344024687408,88.35417824899879,Café
Benoy Badal Dinesh Bagh,22.563287699999997,88.34586750000001,Tantra,22.55384263258614,88.35145864272103,Nightclub
Benoy Badal Dinesh Bagh,22.563287699999997,88.34586750000001,Trincas Tavern,22.553882322238696,88.3515063146341,Indian Restaurant
Benoy Badal Dinesh Bagh,22.563287699999997,88.34586750000001,Anand Restaurant,22.56733155298006,88.354895689176,South Indian Restaurant
Benoy Badal Dinesh Bagh,22.563287699999997,88.34586750000001,Kusum Rolls,22.553531352641226,88.35223886126985,Snack Place
Benoy Badal Dinesh Bagh,22.563287699999997,88.34586750000001,Zen,22.55393490120118,88.35202878171792,Japanese Restaurant
Benoy Badal Dinesh Bagh,22.563287699999997,88.34586750000001,The Myx,22.552321311395936,88.35274041095317,Nightclub
Benoy Badal Dinesh Bagh,22.563287699999997,88.34586750000001,Nizam's,22.56184369778313,88.3535812160456,Mughlai Restaurant
Benoy Badal Dinesh Bagh,22.563287699999997,88.34586750000001,Someplace Else,22.554249671579267,88.35183180934679,Pub
Benoy Badal Dinesh Bagh,22.563287699999997,88.34586750000001,One Step Up,22.55303985551416,88.3523720588708,Restaurant
Benoy Badal Dinesh Bagh,22.563287699999997,88.34586750000001,Amber,22.567543544093432,88.35184693336487,Indian Restaurant
Benoy Badal Dinesh Bagh,22.563287699999997,88.34586750000001,Blue Sky Cafe,22.558188260327913,88.3529315297028,Restaurant
Benoy Badal Dinesh Bagh,22.563287699999997,88.34586750000001,K. C. Das,22.565434244831792,88.35166743562479,Indian Sweet Shop
Benoy Badal Dinesh Bagh,22.563287699999997,88.34586750000001,Netaji Indoor Stadium,22.566156514407012,88.3416974544525,Stadium
Benoy Badal Dinesh Bagh,22.563287699999997,88.34586750000001,Kasturi Restaurant (Dhakai Bengali Cuisine),22.556848193491728,88.35486710071564,Asian Restaurant
Benoy Badal Dinesh Bagh,22.563287699999997,88.34586750000001,The Peerless Inn,22.56234441515912,88.35145933869875,Hotel
Benoy Badal Dinesh Bagh,22.563287699999997,88.34586750000001,Calcutta Swimming Club,22.568066908154865,88.34206982619719,Pool
Benoy Badal Dinesh Bagh,22.563287699999997,88.34586750000001,Nahoum and Sons,22.56022036249569,88.3529970912115,Bakery
Benoy Badal Dinesh Bagh,22.563287699999997,88.34586750000001,Sir Stuart Hogg Market,22.5600012727137,88.3525744443409,Market
Benoy Badal Dinesh Bagh,22.563287699999997,88.34586750000001,KFC,22.55224964015631,88.35257556002733,Fast Food Restaurant
Benoy Badal Dinesh Bagh,22.563287699999997,88.34586750000001,Olypub,22.55355099631339,88.35192458139935,Pub
Benoy Badal Dinesh Bagh,22.563287699999997,88.34586750000001,Starbucks,22.552443984519737,88.35319876670836,Coffee Shop
Benoy Badal Dinesh Bagh,22.563287699999997,88.34586750000001,Domino's Pizza,22.56,88.353,Pizza Place
Benoy Badal Dinesh Bagh,22.563287699999997,88.34586750000001,Domino's Pizza,22.556080315658914,88.35041999816895,Pizza Place
Benoy Badal Dinesh Bagh,22.563287699999997,88.34586750000001,New Aliah Hotel & Caterer,22.567537194306293,88.35243692856844,Mughlai Restaurant
Benoy Badal Dinesh Bagh,22.563287699999997,88.34586750000001,Veda,22.552139812289866,88.3533151151807,Indian Restaurant
Benoy Badal Dinesh Bagh,22.563287699999997,88.34586750000001,Roxy,22.553822313175534,88.35155966239654,Nightclub
Benoy Badal Dinesh Bagh,22.563287699999997,88.34586750000001,Barista,22.552894815519846,88.35281252861023,Café
Benoy Badal Dinesh Bagh,22.563287699999997,88.34586750000001,Barista,22.56064367858119,88.35164501888916,Café
Benoy Badal Dinesh Bagh,22.563287699999997,88.34586750000001,Subway,22.552819292937258,88.35321934006244,Fast Food Restaurant
Benoy Badal Dinesh Bagh,22.563287699999997,88.34586750000001,Subway,22.561826910561027,88.3552211523056,Sandwich Place
Benoy Badal Dinesh Bagh,22.563287699999997,88.34586750000001,Sreeleathers,22.559439130374898,88.35171818733215,Shoe Store
Benoy Badal Dinesh Bagh,22.563287699999997,88.34586750000001,Indian Museum,22.558022295203333,88.3509349822998,Museum
Benoy Badal Dinesh Bagh,22.563287699999997,88.34586750000001,The Floatel Hotel,22.56976164879978,88.34186892294773,Hotel
Benoy Badal Dinesh Bagh,22.563287699999997,88.34586750000001,Wow! Momo,22.56077668868409,88.35147142410278,Dumpling Restaurant
Benoy Badal Dinesh Bagh,22.563287699999997,88.34586750000001,Fort William,22.554237391420223,88.33677291870117,Military Base
Benoy Badal Dinesh Bagh,22.563287699999997,88.34586750000001,The Park Hotel,22.55388349859243,88.3516722970781,Hotel
Benoy Badal Dinesh Bagh,22.563287699999997,88.34586750000001,Cafe Coffee Day,22.567637663459436,88.35610091686249,Café
Benoy Badal Dinesh Bagh,22.563287699999997,88.34586750000001,KFC,22.56062259853304,88.35157647508613,Fast Food Restaurant
Benoy Badal Dinesh Bagh,22.563287699999997,88.34586750000001,The Bhoj Company,22.557939909734227,88.35430046720232,Bengali Restaurant
Benoy Badal Dinesh Bagh,22.563287699999997,88.34586750000001,Cha Bar,22.553809399418334,88.3516770971553,Tea Room
Benoy Badal Dinesh Bagh,22.563287699999997,88.34586750000001,Fairlawn Hotel,22.558546741926673,88.35265958867959,Beer Garden
Benoy Badal Dinesh Bagh,22.563287699999997,88.34586750000001,Tung Fong,22.553360327062006,88.35336624195156,Chinese Restaurant
Benoy Badal Dinesh Bagh,22.563287699999997,88.34586750000001,Millennium Park,22.572481038151835,88.34451717949295,Park
Benoy Badal Dinesh Bagh,22.563287699999997,88.34586750000001,The Street,22.553821352747846,88.35155785595826,Café
Benoy Badal Dinesh Bagh,22.563287699999997,88.34586750000001,The Bridge,22.554349581843347,88.35214477189363,Café
Benoy Badal Dinesh Bagh,22.563287699999997,88.34586750000001,Cafe Coffee Day,22.55540656126555,88.35031270980835,Café
Benoy Badal Dinesh Bagh,22.563287699999997,88.34586750000001,Sunflower Guest House,22.55308886469116,88.35469402870653,Hotel
Benoy Badal Dinesh Bagh,22.563287699999997,88.34586750000001,Pizza Hut,22.55256288514631,88.35312366485596,Pizza Place
Benoy Badal Dinesh Bagh,22.563287699999997,88.34586750000001,Aminia,22.56234788552488,88.35363045600486,Mughlai Restaurant
Benoy Badal Dinesh Bagh,22.563287699999997,88.34586750000001,Eden Garden Park,22.564244372033293,88.34074258804321,Park
Benoy Badal Dinesh Bagh,22.563287699999997,88.34586750000001,Babu Ghat,22.567724968842303,88.34068482853557,River
Benoy Badal Dinesh Bagh,22.563287699999997,88.34586750000001,Bistro by the Park,22.551395664151073,88.35239425117086,Italian Restaurant
Benoy Badal Dinesh Bagh,22.563287699999997,88.34586750000001,Moulin Rouge,22.553237144687984,88.3522379731473,Steakhouse
Benoy Badal Dinesh Bagh,22.563287699999997,88.34586750000001,Outram Ghat,22.563828254635645,88.33806037902832,River
Benoy Badal Dinesh Bagh,22.563287699999997,88.34586750000001,Ramkrishnapur ghat,22.56963996195657,88.34040972098622,Boat or Ferry
Benoy Badal Dinesh Bagh,22.563287699999997,88.34586750000001,Cafe Coffee Day,22.55277532104876,88.35271670148417,Café
Benoy Badal Dinesh Bagh,22.563287699999997,88.34586750000001,Chandni Chowk Metro Station,22.56792992844956,88.35623502731323,Metro Station
Benoy Badal Dinesh Bagh,22.563287699999997,88.34586750000001,Hind INOX,22.564914249033535,88.35915197939791,Multiplex
Benoy Badal Dinesh Bagh,22.563287699999997,88.34586750000001,Golden Dragon,22.55310784504033,88.35312366485596,Chinese Restaurant
Benoy Badal Dinesh Bagh,22.563287699999997,88.34586750000001,Scoop,22.55909642,88.33286344,Ice Cream Shop
Bidhannagar Road,22.5844306,88.40552436987595,City Centre,22.587921364007034,88.4080982208252,Shopping Mall
Bidhannagar Road,22.5844306,88.40552436987595,Wow! Momo,22.587970893198296,88.4080982208252,Dumpling Restaurant
Bidhannagar Road,22.5844306,88.40552436987595,Afraa,22.587393949777827,88.407888490945,Restaurant
Bidhannagar Road,22.5844306,88.40552436987595,Crossword Bookstores Ltd,22.58764400020678,88.40836644172668,Bookstore
Bidhannagar Road,22.5844306,88.40552436987595,6 Ballygunge Place,22.590298708111384,88.40925335653736,Bengali Restaurant
Bidhannagar Road,22.5844306,88.40552436987595,Starbucks,22.587949100235413,88.40811967849731,Coffee Shop
Bidhannagar Road,22.5844306,88.40552436987595,The Darjeeling,22.5887336404945,88.40947151184082,Tibetan Restaurant
Bidhannagar Road,22.5844306,88.40552436987595,Pizza Hut,22.58815641274625,88.40843127616512,Pizza Place
Bidhannagar Road,22.5844306,88.40552436987595,Haka,22.587956034442776,88.4081518650055,Chinese Restaurant
Bidhannagar Road,22.5844306,88.40552436987595,Kookie Jar,22.588183881407165,88.40794698052503,Bakery
Bidhannagar Road,22.5844306,88.40552436987595,Starmark,22.584800007542476,88.39935655871606,Bookstore
Bidhannagar Road,22.5844306,88.40552436987595,Mani Square Mall,22.57782292205015,88.40059141088483,Shopping Mall
Bidhannagar Road,22.5844306,88.40552436987595,Kaafila,22.587875336070045,88.40837418355459,Indian Restaurant
Bidhannagar Road,22.5844306,88.40552436987595,Flame & Grill,22.577749423904727,88.40054547433654,Indian Restaurant
Bidhannagar Road,22.5844306,88.40552436987595,Bon Appetit Cafe,22.59568301675862,88.406850770348,Café
Bidhannagar Road,22.5844306,88.40552436987595,Cafe Coffee Day,22.587764476850396,88.4080746801794,Café
Bidhannagar Road,22.5844306,88.40552436987595,Cafe 360 Degree,22.57351147723902,88.41395338459714,Café
Bidhannagar Road,22.5844306,88.40552436987595,McDonald's,22.577732830746566,88.40057730674744,Fast Food Restaurant
Bidhannagar Road,22.5844306,88.40552436987595,PVR (XL),22.57785924087704,88.40057863091893,Multiplex
Bidhannagar Road,22.5844306,88.40552436987595,Subway,22.577797223453953,88.40045392513274,Fast Food Restaurant
Bidhannagar Road,22.5844306,88.40552436987595,Ground Zero,22.583652356081743,88.41672940312995,Hookah Bar
Bidhannagar Road,22.5844306,88.40552436987595,La Cucina,22.570969726120627,88.40535764280777,Italian Restaurant
Bidhannagar Road,22.5844306,88.40552436987595,Honey Da Dhaba,22.58271079359329,88.3910608291626,Dhaba
Bidhannagar Road,22.5844306,88.40552436987595,Copper Chimney,22.58835679259895,88.40879518212589,Indian Restaurant
Bidhannagar Road,22.5844306,88.40552436987595,C3,22.587263110243896,88.40732308849229,Department Store
Bidhannagar Road,22.5844306,88.40552436987595,KFC,22.577766222130826,88.40064704911224,Fried Chicken Joint
Bidhannagar Road,22.5844306,88.40552436987595,Goutam's,22.58517250174718,88.39913566238306,Indian Restaurant
Bidhannagar Road,22.5844306,88.40552436987595,Saltlake Swimming Pool,22.594505174068924,88.41481965536767,Pool
Bidhannagar Road,22.5844306,88.40552436987595,Inox,22.58856126993417,88.40842263136872,Multiplex
Bidhannagar Road,22.5844306,88.40552436987595,HangOut,22.588050139867278,88.40826988220213,Food Court
Bidhannagar Road,22.5844306,88.40552436987595,Carnival Cinemas,22.573299568162966,88.41369330883026,Movie Theater
Bidhannagar Road,22.5844306,88.40552436987595,Khandani Rajdhani Restaurant,22.577797223453953,88.4005880355835,Vegetarian / Vegan Restaurant
Bidhannagar Road,22.5844306,88.40552436987595,Cafe Coffee Day,22.573181963167933,88.41269327075265,Café
Bidhannagar Road,22.5844306,88.40552436987595,Café Coffee Day,22.58263154385241,88.41711044311523,Café
Bidhannagar Road,22.5844306,88.40552436987595,Bhikharam Chandmal,22.588330473035064,88.40876751550556,Snack Place
Bidhannagar Road,22.5844306,88.40552436987595,Cafe Coffee Day,22.577678344586065,88.40052366256714,Café
Bidhannagar Road,22.5844306,88.40552436987595,The Sonnet,22.589370934634736,88.4114631234333,Hotel
Bidhannagar Road,22.5844306,88.40552436987595,Afraa Creperie,22.58796098736148,88.40816259384155,Café
Bidhannagar Road,22.5844306,88.40552436987595,Cafe Coffee Day,22.595684432258533,88.4068026586673,Café
Bidhannagar Road,22.5844306,88.40552436987595,Caught N Bowled,22.58802042237175,88.40829133987425,Music Venue
Bidhannagar Road,22.5844306,88.40552436987595,KFC,22.587972217792323,88.40852125596413,Fast Food Restaurant
Bidhannagar Road,22.5844306,88.40552436987595,CA Market,22.587485506355854,88.40056657791138,Market
Bidhannagar Road,22.5844306,88.40552436987595,Amoeba,22.57769815773783,88.40084552764893,Bowling Alley
Bidhannagar Road,22.5844306,88.40552436987595,Spencer's Hyper,22.57778731688553,88.40067386627197,Department Store
Bidhannagar Road,22.5844306,88.40552436987595,The Belgian Bakery,22.577757597176042,88.40054512023926,Bakery
Bidhannagar Road,22.5844306,88.40552436987595,Machaan,22.57779086862233,88.40039390132635,Theme Restaurant
Bidhannagar Road,22.5844306,88.40552436987595,Big Bazaar,22.58354830847126,88.41754301259155,Department Store
Bidhannagar Road,22.5844306,88.40552436987595,Koshe Kosha,22.58351319465195,88.41610193252563,Bengali Restaurant
Bidhannagar Road,22.5844306,88.40552436987595,Cakes,22.576750038058293,88.41362138253638,Food
Bidhannagar Road,22.5844306,88.40552436987595,Amul Scooping Parlour,22.59546735385546,88.40729940895744,Ice Cream Shop
Bidhannagar Road,22.5844306,88.40552436987595,Nargis,22.583623848708203,88.41773135139977,Fast Food Restaurant
Bidhannagar Road,22.5844306,88.40552436987595,Central Park,22.58619773705591,88.41779708862303,Park
Bidhannagar Road,22.5844306,88.40552436987595,Flurys,22.574270440097916,88.41361284255981,Bakery
Bidhannagar Road,22.5844306,88.40552436987595,Big Bazaar,22.57345853950665,88.41342250312387,Department Store
Bidhannagar Road,22.5844306,88.40552436987595,Apple,22.594479026339886,88.4147971636377,Electronics Store
Bidhannagar Road,22.5844306,88.40552436987595,Mishra's,22.594505140699567,88.41483330147993,Gastropub
Bidhannagar Road,22.5844306,88.40552436987595,Hudco Bus Stop,22.59150124832425,88.39340201351979,Bus Station
Bidhannagar Road,22.5844306,88.40552436987595,Silver Chimney,22.59447734055508,88.41489513603952,Multicuisine Indian Restaurant
Bidhannagar Road,22.5844306,88.40552436987595,BH Block Park,22.59455279288667,88.41487619574298,Park
Bidhannagar Road,22.5844306,88.40552436987595,Momo Hut,22.571634718873923,88.40960099889172,Dumpling Restaurant
Biman Bandar,22.64539635,88.4370975725473,O2 Hotel Kolkata,22.63313975970929,88.43453647133795,Chinese Restaurant
Biman Bandar,22.64539635,88.4370975725473,Chicago Crust,22.642496580970697,88.43964298001526,Pizza Place
Biman Bandar,22.64539635,88.4370975725473,The Coffee Bean and Tea Leaf,22.642346748941897,88.43970923276106,Café
Biman Bandar,22.64539635,88.4370975725473,Immigration Check,22.64060121859067,88.43879557464575,Airport Service
Biman Bandar,22.64539635,88.4370975725473,Cafe Coffee Day,22.642308156610948,88.43933064380177,Coffee Shop
Biman Bandar,22.64539635,88.4370975725473,Wow! Momo,22.641724921446727,88.43923126362142,Dumpling Restaurant
Biman Bandar,22.64539635,88.4370975725473,Clipper Lounge,22.643392296576337,88.43978021793669,Airport Lounge
Biman Bandar,22.64539635,88.4370975725473,Subway,22.64518501372867,88.44019889831543,Sandwich Place
Biman Bandar,22.64539635,88.4370975725473,Copper Chimney,22.6435841587933,88.43946788272059,Indian Restaurant
Biman Bandar,22.64539635,88.4370975725473,The Irish House,22.64335331182631,88.43933537618557,Irish Pub
Biman Bandar,22.64539635,88.4370975725473,Club Lounge,22.64580466105283,88.44037175568565,Airport Lounge
Biman Bandar,22.64539635,88.4370975725473,T2,22.643224573955887,88.43993165237585,Airport Terminal
Biman Bandar,22.64539635,88.4370975725473,Skyber Cafe,22.64469310422598,88.44073140665664,Café
Biman Bandar,22.64539635,88.4370975725473,Spicejet Check-in Counter,22.64300559935558,88.44031970069048,Airport Service
Biman Bandar,22.64539635,88.4370975725473,Flurys,22.641568658312956,88.43911768599108,Bakery
Biman Bandar,22.64539635,88.4370975725473,Kolkata Duty Free,22.640745643795743,88.43876748640797,Duty-free Shop
Biman Bandar,22.64539635,88.4370975725473,Kaikhali,22.634793021758593,88.43447415461846,Bus Station
Biman Bandar,22.64539635,88.4370975725473,Tarmac,22.656179154200334,88.4443514099697,Airport Terminal
Birati,22.663211899999997,88.4271269,UCO Bank ATM,22.663512,88.42517,ATM
Birati,22.663211899999997,88.4271269,Sleepwell,22.6637,88.4236,Mattress Store
Birati,22.663211899999997,88.4271269,Big Bazaar,22.66404987639457,88.42274043721687,Department Store
Birati,22.663211899999997,88.4271269,Birati Railway Station,22.666858530452615,88.42937728787908,Train Station
Birati,22.663211899999997,88.4271269,HDFC Bank ATM,22.662773,88.432661,ATM
Birati,22.663211899999997,88.4271269,Axis Bank ATM,22.662301,88.415404,ATM
Birati,22.663211899999997,88.4271269,Seller Dost,22.65193534300179,88.42394471168518,Business Service
Birati,22.663211899999997,88.4271269,Airport City Hotel,22.653683,88.434814,Hotel
Birati,22.663211899999997,88.4271269,Bhajohari Ranna,22.6618296758145,88.44102480390356,Asian Restaurant
Brace Bridge,22.5179206,88.30113659999999,Chandrani Nissan,22.5165880493488,88.30103236120286,Auto Dealership
Brace Bridge,22.5179206,88.30113659999999,VirtuePlanet Services LLP,22.507690443673294,88.29647541046141,IT Services
Brace Bridge,22.5179206,88.30113659999999,Hao Chi,22.506322815719507,88.30703285970715,Chinese Restaurant
Brace Bridge,22.5179206,88.30113659999999,Mama Mia!,22.50621469475992,88.30775438278138,Ice Cream Shop
Dakshineswar,22.654826999999997,88.35757762289637,Dakshineshwar Belur Ferry Terminal,22.65560122435269,88.35728645324706,Boat or Ferry
Dakshineswar,22.654826999999997,88.35757762289637,Dakshineswar Railway Station,22.65384874230737,88.36382031440735,Train Station
Dakshineswar,22.654826999999997,88.35757762289637,MedPlus,22.659684,88.363752,Pharmacy
Dakshineswar,22.654826999999997,88.35757762289637,MedPlus,22.64983,88.36463,Pharmacy
Dakshineswar,22.654826999999997,88.35757762289637,Bally Ghat Railway Station,22.65242297769844,88.347909450531,Train Station
Dakshineswar,22.654826999999997,88.35757762289637,Bally Halt,22.652869389603612,88.34723946031961,Bus Station
Dakshineswar,22.654826999999997,88.35757762289637,China Gaon,22.646230697631836,88.35083770751953,Chinese Restaurant
Dakshineswar,22.654826999999997,88.35757762289637,HDFC Bank ATM,22.64704,88.367352,ATM
Dakshineswar,22.654826999999997,88.35757762289637,Monginis Cake Shop,22.646805,88.368015,Convenience Store
Dakshineswar,22.654826999999997,88.35757762289637,UCO Bank ATM,22.64829,88.34529,ATM
Dasnagar,22.60193385,88.31071406931049,Axis Bank ATM,22.5993125,88.3048125,ATM
Dasnagar,22.60193385,88.31071406931049,UCO Bank ATM,22.59789,88.318314,ATM
Dasnagar,22.60193385,88.31071406931049,UCO Bank ATM,22.602959,88.299889,ATM
Dasnagar,22.60193385,88.31071406931049,Tikiapara Railway Station,22.598797546832557,88.32415580749512,Train Station
Dhakuria,22.5094085,88.371185,Sienna Store & Cafe,22.517641332811532,88.3629834651947,Arts & Crafts Store
Dhakuria,22.5094085,88.371185,Starmark,22.50160473533416,88.36172554894057,Bookstore
Dhakuria,22.5094085,88.371185,South City Mall,22.501757795323314,88.36172644899912,Shopping Mall
Dhakuria,22.5094085,88.371185,Subway,22.501666871898916,88.36178700519184,Sandwich Place
Dhakuria,22.5094085,88.371185,Mainland China,22.5016520957947,88.36169921050062,Chinese Restaurant
Dhakuria,22.5094085,88.371185,Fabindia,22.518523398976704,88.36346626281738,Boutique
Dhakuria,22.5094085,88.371185,Mrs Magpie,22.516370255655424,88.36180597543716,Café
Dhakuria,22.5094085,88.371185,Wise Owl,22.517164950856994,88.36104199399729,Coffee Shop
Dhakuria,22.5094085,88.371185,Dakshinapan Shopping Complex,22.50874853415032,88.3666005339919,Shopping Mall
Dhakuria,22.5094085,88.371185,Byloom,22.51775035253012,88.363037109375,Boutique
Dhakuria,22.5094085,88.371185,Aminia,22.51657095282566,88.36673855781555,Mughlai Restaurant
Dhakuria,22.5094085,88.371185,Inox,22.501690228399905,88.36174064959422,Multiplex
Dhakuria,22.5094085,88.371185,Shoppers Stop,22.501683272951343,88.36175855969086,Clothing Store
Dhakuria,22.5094085,88.371185,Spencer's Hyper,22.501436082093846,88.36166381835938,Department Store
Dhakuria,22.5094085,88.371185,Starbucks,22.501475730284696,88.36181402206421,Coffee Shop
Dhakuria,22.5094085,88.371185,Domino's Pizza,22.504,88.367,Pizza Place
Dhakuria,22.5094085,88.371185,Pantaloons,22.50172475066913,88.36176604536132,Clothing Store
Dhakuria,22.5094085,88.371185,Gariahat Junction,22.5197036586171,88.36542244843267,Plaza
Dhakuria,22.5094085,88.371185,Golpark,22.516224068644274,88.36621820926666,Plaza
Dhakuria,22.5094085,88.371185,Kimli,22.5172250749132,88.36501657962799,Chinese Restaurant
Dhakuria,22.5094085,88.371185,Flame & Grill,22.50155257997716,88.36162705081131,Indian Restaurant
Dhakuria,22.5094085,88.371185,Dolly's Tea,22.509053307081395,88.36671726578084,Tea Room
Dhakuria,22.5094085,88.371185,Chili's Grill & Bar,22.501470285760472,88.36111450240416,Tex-Mex Restaurant
Dhakuria,22.5094085,88.371185,KFC,22.50166364022333,88.36171297401805,Fast Food Restaurant
Dhakuria,22.5094085,88.371185,Cafe Coffee Day,22.515104122344468,88.35831642150879,Café
Dhakuria,22.5094085,88.371185,Domino's Pizza,22.50217948378093,88.36412072181702,Pizza Place
Dhakuria,22.5094085,88.371185,Cafe Coffee Day,22.516449193049613,88.36690548565103,Café
Dhakuria,22.5094085,88.371185,Cafe Coffee Day,22.501416257994165,88.36196422576904,Café
Dhakuria,22.5094085,88.371185,Tandoor Park,22.50649113476751,88.36726427078247,Asian Restaurant
Dhakuria,22.5094085,88.371185,Fillers,22.51469776790359,88.36062848567963,Vegetarian / Vegan Restaurant
Dhakuria,22.5094085,88.371185,Cafe Coffee Day,22.521060546671123,88.36567103862762,Café
Dhakuria,22.5094085,88.371185,Gariahat Market,22.519053297571688,88.36541838630836,Market
Dhakuria,22.5094085,88.371185,Bhojohori Manna,22.520991172158308,88.36632549762726,Bengali Restaurant
Dhakuria,22.5094085,88.371185,Abar Boithak - The Coffee Shop,22.504434444455406,88.36317121982574,Coffee Shop
Dhakuria,22.5094085,88.371185,Vivekananda Park,22.514595585300025,88.35955398100334,Park
Dhakuria,22.5094085,88.371185,Spencer's Hyper,22.519152585285212,88.36153573639466,Department Store
Dum Dum Cantonment,22.636489899999997,88.4120228,HDFC Bank ATM,22.6353708,88.4099338,ATM
Dum Dum Cantonment,22.636489899999997,88.4120228,HDFC Bank ATM,22.636501,88.408211,ATM
Dum Dum Cantonment,22.636489899999997,88.4120228,MedPlus,22.6336925,88.4146975,Pharmacy
Dum Dum Cantonment,22.636489899999997,88.4120228,MedPlus,22.642506,88.410464,Pharmacy
Dum Dum Junction,22.6211753,88.39316530800073,Dum Dum Baazar,22.62009980871028,88.39370047092228,Market
Dum Dum Junction,22.6211753,88.39316530800073,Archies,22.62105101338784,88.39211341181819,Gift Shop
Dum Dum Junction,22.6211753,88.39316530800073,Mio Amore,22.621092212206577,88.39279088001274,Bakery
Dum Dum Junction,22.6211753,88.39316530800073,Treat & Bite,22.624330115105728,88.3913174915333,Fast Food Restaurant
Dum Dum Junction,22.6211753,88.39316530800073,F.L. Off Shop,22.620274613843733,88.4000670700878,Liquor Store
Dum Dum Junction,22.6211753,88.39316530800073,Biswanath Park,22.624870140548865,88.38510632514954,Playground
Dum Dum Junction,22.6211753,88.39316530800073,Tala Park,22.611158503585422,88.38438749313354,Park
Dum Dum Junction,22.6211753,88.39316530800073,Foodpath,22.623201444513704,88.37934494018553,Burger Joint
Dum Dum Junction,22.6211753,88.39316530800073,Chiria More,22.618744155644148,88.37928688412532,Plaza
Dum Dum Junction,22.6211753,88.39316530800073,Silver chimney,22.608960094536354,88.39852761406324,Asian Restaurant
Eden Gardens,22.56456135,88.34424156337812,Eden Garden,22.564541597977065,88.34329605102539,Cricket Ground
Eden Gardens,22.56456135,88.34424156337812,The Oberoi Grand,22.56174943131244,88.35159438973265,Hotel
Eden Gardens,22.56456135,88.34424156337812,Blue & Beyond,22.55913129083683,88.35327973820304,Pub
Eden Gardens,22.56456135,88.34424156337812,Lalit Great Eastern Hotel,22.56796710486943,88.35001000801633,Hotel
Eden Gardens,22.56456135,88.34424156337812,Princep Ghat,22.559267458018144,88.33305706140452,Harbor / Marina
Eden Gardens,22.56456135,88.34424156337812,Esplanade,22.564244372033293,88.35230827331543,Neighborhood
Eden Gardens,22.56456135,88.34424156337812,Oxford Bookstore,22.55365167988345,88.35173187860914,Bookstore
Eden Gardens,22.56456135,88.34424156337812,Aqua,22.55473429407938,88.3521798097082,Lounge
Eden Gardens,22.56456135,88.34424156337812,Baan Thai,22.561681720242696,88.35157777094761,Thai Restaurant
Eden Gardens,22.56456135,88.34424156337812,Netaji Indoor Stadium,22.566156514407012,88.3416974544525,Stadium
Eden Gardens,22.56456135,88.34424156337812,Raj's Spanish Cafe,22.558344024687408,88.35417824899879,Café
Eden Gardens,22.56456135,88.34424156337812,Tantra,22.55384263258614,88.35145864272103,Nightclub
Eden Gardens,22.56456135,88.34424156337812,Anand Restaurant,22.56733155298006,88.354895689176,South Indian Restaurant
Eden Gardens,22.56456135,88.34424156337812,Calcutta Swimming Club,22.568066908154865,88.34206982619719,Pool
Eden Gardens,22.56456135,88.34424156337812,Trincas Tavern,22.553882322238696,88.3515063146341,Indian Restaurant
Eden Gardens,22.56456135,88.34424156337812,Amber,22.567543544093432,88.35184693336487,Indian Restaurant
Eden Gardens,22.56456135,88.34424156337812,Kusum Rolls,22.553531352641226,88.35223886126985,Snack Place
Eden Gardens,22.56456135,88.34424156337812,Zen,22.55393490120118,88.35202878171792,Japanese Restaurant
Eden Gardens,22.56456135,88.34424156337812,K. C. Das,22.565434244831792,88.35166743562479,Indian Sweet Shop
Eden Gardens,22.56456135,88.34424156337812,Nizam's,22.56184369778313,88.3535812160456,Mughlai Restaurant
Eden Gardens,22.56456135,88.34424156337812,Someplace Else,22.554249671579267,88.35183180934679,Pub
Eden Gardens,22.56456135,88.34424156337812,Blue Sky Cafe,22.558188260327913,88.3529315297028,Restaurant
Eden Gardens,22.56456135,88.34424156337812,The Peerless Inn,22.56234441515912,88.35145933869875,Hotel
Eden Gardens,22.56456135,88.34424156337812,Kasturi Restaurant (Dhakai Bengali Cuisine),22.556848193491728,88.35486710071564,Asian Restaurant
Eden Gardens,22.56456135,88.34424156337812,Nahoum and Sons,22.56022036249569,88.3529970912115,Bakery
Eden Gardens,22.56456135,88.34424156337812,Sir Stuart Hogg Market,22.5600012727137,88.3525744443409,Market
Eden Gardens,22.56456135,88.34424156337812,Olypub,22.55355099631339,88.35192458139935,Pub
Eden Gardens,22.56456135,88.34424156337812,New Aliah Hotel & Caterer,22.567537194306293,88.35243692856844,Mughlai Restaurant
Eden Gardens,22.56456135,88.34424156337812,Domino's Pizza,22.56,88.353,Pizza Place
Eden Gardens,22.56456135,88.34424156337812,Domino's Pizza,22.556080315658914,88.35041999816895,Pizza Place
Eden Gardens,22.56456135,88.34424156337812,The Floatel Hotel,22.56976164879978,88.34186892294773,Hotel
Eden Gardens,22.56456135,88.34424156337812,Roxy,22.553822313175534,88.35155966239654,Nightclub
Eden Gardens,22.56456135,88.34424156337812,Barista,22.56064367858119,88.35164501888916,Café
Eden Gardens,22.56456135,88.34424156337812,Subway,22.561826910561027,88.3552211523056,Sandwich Place
Eden Gardens,22.56456135,88.34424156337812,Fort William,22.554237391420223,88.33677291870117,Military Base
Eden Gardens,22.56456135,88.34424156337812,Sreeleathers,22.559439130374898,88.35171818733215,Shoe Store
Eden Gardens,22.56456135,88.34424156337812,Indian Museum,22.558022295203333,88.3509349822998,Museum
Eden Gardens,22.56456135,88.34424156337812,Wow! Momo,22.56077668868409,88.35147142410278,Dumpling Restaurant
Eden Gardens,22.56456135,88.34424156337812,Millennium Park,22.572481038151835,88.34451717949295,Park
Eden Gardens,22.56456135,88.34424156337812,Cafe Coffee Day,22.567637663459436,88.35610091686249,Café
Eden Gardens,22.56456135,88.34424156337812,The Park Hotel,22.55388349859243,88.3516722970781,Hotel
Eden Gardens,22.56456135,88.34424156337812,KFC,22.56062259853304,88.35157647508613,Fast Food Restaurant
Eden Gardens,22.56456135,88.34424156337812,The Bhoj Company,22.557939909734227,88.35430046720232,Bengali Restaurant
Eden Gardens,22.56456135,88.34424156337812,Cha Bar,22.553809399418334,88.3516770971553,Tea Room
Eden Gardens,22.56456135,88.34424156337812,Fairlawn Hotel,22.558546741926673,88.35265958867959,Beer Garden
Eden Gardens,22.56456135,88.34424156337812,The Street,22.553821352747846,88.35155785595826,Café
Eden Gardens,22.56456135,88.34424156337812,The Bridge,22.554349581843347,88.35214477189363,Café
Eden Gardens,22.56456135,88.34424156337812,Cafe Coffee Day,22.55540656126555,88.35031270980835,Café
Eden Gardens,22.56456135,88.34424156337812,Eden Garden Park,22.564244372033293,88.34074258804321,Park
Eden Gardens,22.56456135,88.34424156337812,Babu Ghat,22.567724968842303,88.34068482853557,River
Eden Gardens,22.56456135,88.34424156337812,Outram Ghat,22.563828254635645,88.33806037902832,River
Eden Gardens,22.56456135,88.34424156337812,Ramkrishnapur ghat,22.56963996195657,88.34040972098622,Boat or Ferry
Eden Gardens,22.56456135,88.34424156337812,Aminia,22.56234788552488,88.35363045600486,Mughlai Restaurant
Eden Gardens,22.56456135,88.34424156337812,Chandni Chowk Metro Station,22.56792992844956,88.35623502731323,Metro Station
Eden Gardens,22.56456135,88.34424156337812,Scoop,22.55909642,88.33286344,Ice Cream Shop
Garia,22.466236600000002,88.40501979999999,HDFC Bank ATM,22.474738,88.405747,ATM
Garia,22.466236600000002,88.40501979999999,New Garia Railway Station,22.472045493337824,88.39811076728117,Train Station
Garia,22.466236600000002,88.40501979999999,Kavi Subash Metro Station,22.47231141705965,88.3981204032898,Metro Station
Garia,22.466236600000002,88.40501979999999,Club Verde Vista,22.47536944959281,88.40092914144667,Hotel
Garia,22.466236600000002,88.40501979999999,Shahid Khudiram Metro Station,22.46598109721522,88.39163482189178,Metro Station
Howrah Junction,22.582870899999996,88.34281120000001,KFC,22.583027792100875,88.3427381515503,Fried Chicken Joint
Howrah Junction,22.582870899999996,88.34281120000001,Millennium Park,22.572481038151835,88.34451717949295,Park
Howrah Junction,22.582870899999996,88.34281120000001,The Floatel Hotel,22.56976164879978,88.34186892294773,Hotel
Howrah Junction,22.582870899999996,88.34281120000001,Prepaid Taxi Stand,22.582056981867694,88.34284543991087,Taxi Stand
Howrah Junction,22.582870899999996,88.34281120000001,Platform No. 9,22.58356272542835,88.34164381027222,Platform
Howrah Junction,22.582870899999996,88.34281120000001,Howrah Station Bus Terminus,22.58434192712981,88.34342157913474,Bus Station
Howrah Junction,22.582870899999996,88.34281120000001,Comesum,22.581479460566477,88.34196251400259,Restaurant
Howrah Junction,22.582870899999996,88.34281120000001,Platform No. 23,22.58102877235945,88.34177190123513,Platform
Howrah Junction,22.582870899999996,88.34281120000001,Platform No. 13,22.58378209276044,88.34062316665063,Platform
Howrah Junction,22.582870899999996,88.34281120000001,Platform No. 22,22.581961590869238,88.34043818046894,Platform
Howrah Junction,22.582870899999996,88.34281120000001,Eastern Railway Catering Service,22.580531409108,88.34076404571533,Food & Drink Shop
Howrah Junction,22.582870899999996,88.34281120000001,Royal Indian Hotel,22.57949123617736,88.35665345191956,Indian Restaurant
Howrah Junction,22.582870899999996,88.34281120000001,Ashoka Hotel,22.58614503996544,88.34057099114094,Hotel
Howrah Junction,22.582870899999996,88.34281120000001,Mullick Ghat Flower Market,22.581921416816552,88.34925497604009,Market
Howrah Junction,22.582870899999996,88.34281120000001,Howrah A. C,22.589961951936562,88.33917617797852,Market
Howrah Junction,22.582870899999996,88.34281120000001,Dusk,22.591633556824334,88.34328403427351,Café
Howrah Junction,22.582870899999996,88.34281120000001,Skylark,22.59332853059569,88.34235440927054,Indian Restaurant
Howrah Junction,22.582870899999996,88.34281120000001,Bhikharam Sweets & Snacks,22.57723804649535,88.35553804009835,Vegetarian / Vegan Restaurant
Howrah Junction,22.582870899999996,88.34281120000001,Ramkrishnapur ghat,22.56963996195657,88.34040972098622,Boat or Ferry
Hridaypur,22.710996899999998,88.46999890000001,Hridaypur Station,22.710995837336974,88.47000360488892,Train Station
Hridaypur,22.710996899999998,88.46999890000001,lazawab,22.711411509242367,88.47541093826294,Indian Restaurant
Hridaypur,22.710996899999998,88.46999890000001,HDFC Bank ATM,22.70778699724263,88.47421779968464,ATM
Hridaypur,22.710996899999998,88.46999890000001,Dak Bunglow More,22.712367041259178,88.475433016958,Plaza
Hridaypur,22.710996899999998,88.46999890000001,Jaya Multiplex,22.714360764131595,88.47530364990234,Multiplex
Jadavpur,22.4951079,88.3749813,Cafe Coffee Day,22.490272700936092,88.37289351963958,Café
Jadavpur,22.4951079,88.3749813,Domino's Pizza,22.496,88.385,Pizza Place
Jadavpur,22.4951079,88.3749813,Domino's Pizza,22.504,88.367,Pizza Place
Jadavpur,22.4951079,88.3749813,Domino's Pizza,22.50217948378093,88.36412072181702,Pizza Place
Jadavpur,22.4951079,88.3749813,Jadavpur Railway Station,22.49497382345067,88.37505950235878,Train Station
Jadavpur,22.4951079,88.3749813,Golden Gate,22.49375846022918,88.37152846816834,Chinese Restaurant
Jadavpur,22.4951079,88.3749813,Jadavpur 8B Bus Stand,22.495528374659763,88.3705472946167,Bus Station
Jadavpur,22.4951079,88.3749813,Calcutta Bistro,22.49186071124546,88.37213516235352,Bistro
Jadavpur,22.4951079,88.3749813,Tandoor Park,22.50649113476751,88.36726427078247,Asian Restaurant
Jadavpur,22.4951079,88.3749813,Central Park,22.493006882391946,88.36229901996,Park
Jessore Road,22.680003600000003,88.45388179999999,Sher-e-Punjab,22.67779937114212,88.44636712273714,Dhaba
Jessore Road,22.680003600000003,88.45388179999999,BT College,22.679903030395508,88.45364379882812,Bus Station
Jessore Road,22.680003600000003,88.45388179999999,MedPlus,22.67168,88.45481,Pharmacy
Jessore Road,22.680003600000003,88.45388179999999,HDFC Bank ATM,22.687826,88.446802,ATM
Jessore Road,22.680003600000003,88.45388179999999,Tees Tadka,22.67041226918294,88.44818115234375,Men's Store
Khardaha,22.7156992,88.381582,Penguin Dhaba,22.70517629814379,88.3743667602539,Dhaba
Khardaha,22.7156992,88.381582,HDFC Bank ATM,22.7082015,88.3839648,ATM
Khardaha,22.7156992,88.381582,HDFC Bank ATM,22.72371,88.38705,ATM
Khardaha,22.7156992,88.381582,Khardaha Railway Station,22.724855835227817,88.37771147489546,Train Station
Khardaha,22.7156992,88.381582,Axis Bank ATM,22.7077221,88.3908413,ATM
Khardaha,22.7156992,88.381582,Axis Bank ATM,22.70412616,88.38610786,ATM
Khardaha,22.7156992,88.381582,Axis Bank ATM,22.725816,88.373655,ATM
Kolkata Chitpur,22.6012775,88.3841474,Golbari,22.601742094751607,88.37392675908148,Indian Restaurant
Kolkata Chitpur,22.6012775,88.3841474,Five Point Crossing,22.601877985275,88.37379276752472,Plaza
Kolkata Chitpur,22.6012775,88.3841474,Kolkata Station,22.601194549899578,88.38413000106812,Train Station
Kolkata Chitpur,22.6012775,88.3841474,Tala Railway Station,22.60584976716627,88.37945222854614,Train Station
Kolkata Chitpur,22.6012775,88.3841474,Dimpi Restaurant,22.60137697288142,88.37348597647116,Vegetarian / Vegan Restaurant
Kolkata Chitpur,22.6012775,88.3841474,Khanna,22.594122280258617,88.3754825592041,Bus Stop
Kolkata Chitpur,22.6012775,88.3841474,HDFC Bank ATM,22.612407,88.385019,ATM
Kolkata Chitpur,22.6012775,88.3841474,Shyambazar Metro Station,22.60082806866278,88.37095499038696,Metro Station
Kolkata Chitpur,22.6012775,88.3841474,Arsalan,22.59675435996533,88.37158060634327,Mughlai Restaurant
Kolkata Chitpur,22.6012775,88.3841474,Zodiac Retail Shop,22.587941175685668,88.38561058044434,Men's Store
Kona,22.5754021,88.3017734,Turtle Online,22.578431242350533,88.30304145812987,Men's Store
Kona,22.5754021,88.3017734,Axis Bank ATM,22.573289,88.3060177,ATM
Kona,22.5754021,88.3017734,Axis Bank ATM,22.58755,88.30307,ATM
Kona,22.5754021,88.3017734,Sleepwell,22.58811,88.29884,Mattress Store
Kona,22.5754021,88.3017734,HDFC Bank ATM,22.588176,88.298501,ATM
Konnagar,22.699720000000003,88.35197840000001,Ferry Ghat Konnagar,22.700702192413168,88.36021773696987,Boat or Ferry
Konnagar,22.699720000000003,88.35197840000001,Konnagar Station,22.70153401172212,88.34256649017334,Train Station
Konnagar,22.699720000000003,88.35197840000001,Baromondir Ghat,22.702513875474406,88.36607873439789,Harbor / Marina
Konnagar,22.699720000000003,88.35197840000001,Panihati Ferry Ghat,22.695952458195677,88.36587347261019,Boat or Ferry
Lake Gardens,22.5080547,88.35332890000001,Go Lebanese,22.51383054406505,88.35323095321655,Falafel Restaurant
Lake Gardens,22.5080547,88.35332890000001,Starmark,22.50160473533416,88.36172554894057,Bookstore
Lake Gardens,22.5080547,88.35332890000001,South City Mall,22.501757795323314,88.36172644899912,Shopping Mall
Lake Gardens,22.5080547,88.35332890000001,Subway,22.501666871898916,88.36178700519184,Sandwich Place
Lake Gardens,22.5080547,88.35332890000001,Mainland China,22.5016520957947,88.36169921050062,Chinese Restaurant
Lake Gardens,22.5080547,88.35332890000001,Cinépolis,22.516558533860774,88.34893772599038,Multiplex
Lake Gardens,22.5080547,88.35332890000001,Triangular Park,22.517923808219937,88.35828938743566,Park
Lake Gardens,22.5080547,88.35332890000001,Banana Leaf,22.517150743013705,88.34946781396866,South Indian Restaurant
Lake Gardens,22.5080547,88.35332890000001,Sienna Store & Cafe,22.517641332811532,88.3629834651947,Arts & Crafts Store
Lake Gardens,22.5080547,88.35332890000001,Deshapriya Park,22.518394558202573,88.35317730903624,Park
Lake Gardens,22.5080547,88.35332890000001,Wise Owl,22.517164950856994,88.36104199399729,Coffee Shop
Lake Gardens,22.5080547,88.35332890000001,Inox,22.501690228399905,88.36174064959422,Multiplex
Lake Gardens,22.5080547,88.35332890000001,Shoppers Stop,22.501683272951343,88.36175855969086,Clothing Store
Lake Gardens,22.5080547,88.35332890000001,Mrs Magpie,22.516370255655424,88.36180597543716,Café
Lake Gardens,22.5080547,88.35332890000001,Oudh 1590,22.51858286390888,88.35025906562805,Awadhi Restaurant
Lake Gardens,22.5080547,88.35332890000001,Spencer's Hyper,22.501436082093846,88.36166381835938,Department Store
Lake Gardens,22.5080547,88.35332890000001,Momo I Am,22.50305005004157,88.35818376681533,Dumpling Restaurant
Lake Gardens,22.5080547,88.35332890000001,Starbucks,22.501475730284696,88.36181402206421,Coffee Shop
Lake Gardens,22.5080547,88.35332890000001,Ammini,22.521100189234236,88.35228681564331,Kerala Restaurant
Lake Gardens,22.5080547,88.35332890000001,Cafe Coffee Day,22.515525342150234,88.35436284542084,Café
Lake Gardens,22.5080547,88.35332890000001,Barista,22.514852628730775,88.35259526968001,Café
Lake Gardens,22.5080547,88.35332890000001,Pantaloons,22.50172475066913,88.36176604536132,Clothing Store
Lake Gardens,22.5080547,88.35332890000001,Byloom,22.51775035253012,88.363037109375,Boutique
Lake Gardens,22.5080547,88.35332890000001,Xrong Place,22.514577773341138,88.35328957848557,Pub
Lake Gardens,22.5080547,88.35332890000001,Cafe Coffee Day,22.50314986471064,88.35736155509949,Café
Lake Gardens,22.5080547,88.35332890000001,Cafe Coffee Day,22.515104122344468,88.35831642150879,Café
Lake Gardens,22.5080547,88.35332890000001,Flame & Grill,22.50155257997716,88.36162705081131,Indian Restaurant
Lake Gardens,22.5080547,88.35332890000001,Rash Behari More,22.5169722298417,88.3463246222304,Plaza
Lake Gardens,22.5080547,88.35332890000001,Chili's Grill & Bar,22.501470285760472,88.36111450240416,Tex-Mex Restaurant
Lake Gardens,22.5080547,88.35332890000001,Bachan's Dhaba,22.517056589216978,88.34517359733582,Dhaba
Lake Gardens,22.5080547,88.35332890000001,KFC,22.50166364022333,88.36171297401805,Fast Food Restaurant
Lake Gardens,22.5080547,88.35332890000001,Lake Market,22.516684851552366,88.3497339436174,Market
Lake Gardens,22.5080547,88.35332890000001,Princeton Club,22.501757471291935,88.3495997018316,Lounge
Lake Gardens,22.5080547,88.35332890000001,Dakshinapan Shopping Complex,22.50874853415032,88.3666005339919,Shopping Mall
Lake Gardens,22.5080547,88.35332890000001,Hatari,22.518425132678626,88.3576005828982,Chinese Restaurant
Lake Gardens,22.5080547,88.35332890000001,Domino's Pizza,22.504,88.367,Pizza Place
Lake Gardens,22.5080547,88.35332890000001,Sree Ramakrishna Lunch Home - Bhupendra Mansion,22.514955456224182,88.35231363773346,South Indian Restaurant
Lake Gardens,22.5080547,88.35332890000001,Cafe Coffee Day,22.514563968009185,88.3467936515808,Café
Lake Gardens,22.5080547,88.35332890000001,Cafe Coffee Day,22.501416257994165,88.36196422576904,Café
Lake Gardens,22.5080547,88.35332890000001,Fillers,22.51469776790359,88.36062848567963,Vegetarian / Vegan Restaurant
Lake Gardens,22.5080547,88.35332890000001,Domino's Pizza,22.50217948378093,88.36412072181702,Pizza Place
Lake Gardens,22.5080547,88.35332890000001,Menoka Cinema,22.510986011685425,88.3507204055786,Movie Theater
Lake Gardens,22.5080547,88.35332890000001,Tamarind,22.517908926512725,88.35216879844666,Indian Restaurant
Lake Gardens,22.5080547,88.35332890000001,Dolly's Tea,22.509053307081395,88.36671726578084,Tea Room
Lake Gardens,22.5080547,88.35332890000001,Navina Cinema Hall,22.50092065457862,88.34871411323547,Movie Theater
Lake Gardens,22.5080547,88.35332890000001,Maharaj Snacks,22.516120629516674,88.35249818831669,Snack Place
Lake Gardens,22.5080547,88.35332890000001,Tandoor Park,22.50649113476751,88.36726427078247,Asian Restaurant
Lake Gardens,22.5080547,88.35332890000001,Pan Asia International,22.516303356533918,88.35141777992249,Hotel
Lake Gardens,22.5080547,88.35332890000001,Lake Mall,22.516610596676667,88.34895014762878,Shopping Mall
Lake Gardens,22.5080547,88.35332890000001,Zeeshan,22.516858370487846,88.35236191749573,Fast Food Restaurant
Lake Gardens,22.5080547,88.35332890000001,Tero Parbon,22.51675926101668,88.3631980419159,Bengali Restaurant
Lake Gardens,22.5080547,88.35332890000001,HDFC Bank ATM,22.502918,88.340816,ATM
Lake Gardens,22.5080547,88.35332890000001,Spencer's Hyper,22.519152585285212,88.36153573639466,Department Store
Liluah,22.620744600000002,88.33923270000001,Inox,22.62280531191644,88.34954023361206,Multiplex
Liluah,22.620744600000002,88.33923270000001,Domino's Pizza,22.62280531191644,88.34954023361206,Pizza Place
Liluah,22.620744600000002,88.33923270000001,Liluah Railway Station,22.62076025922832,88.3392459154129,Train Station
Liluah,22.620744600000002,88.33923270000001,R. D. Mall,22.62280531191644,88.34954023361206,Shopping Mall
Liluah,22.620744600000002,88.33923270000001,Big Bazaar,22.626656268879483,88.34892775751818,Shopping Mall
Madhyamgram,22.694783899999997,88.4530183,Madhyamgram Station,22.696355881157288,88.45360114373473,Bus Station
Madhyamgram,22.694783899999997,88.4530183,Sleepwell,22.6948706,88.457877,Mattress Store
Madhyamgram,22.694783899999997,88.4530183,Chowmatha Madhyamgram,22.692708016314995,88.46453265813427,Plaza
Narendrapur,22.4545713,88.41873438837713,Axis Bank ATM,22.44856,88.42087,ATM
Narendrapur,22.4545713,88.41873438837713,Oh Calcutta,22.459989,88.423867,Bengali Restaurant
Narendrapur,22.4545713,88.41873438837713,Axis Bank ATM,22.44782066,88.43112946,ATM
Netra,22.4963257,88.358423,Starmark,22.50160473533416,88.36172554894057,Bookstore
Netra,22.4963257,88.358423,South City Mall,22.501757795323314,88.36172644899912,Shopping Mall
Netra,22.4963257,88.358423,Subway,22.501666871898916,88.36178700519184,Sandwich Place
Netra,22.4963257,88.358423,Mainland China,22.5016520957947,88.36169921050062,Chinese Restaurant
Netra,22.4963257,88.358423,Royal Calcutta Golf Club (RCGC),22.494599652615197,88.35106648888241,Golf Course
Netra,22.4963257,88.358423,Inox,22.501690228399905,88.36174064959422,Multiplex
Netra,22.4963257,88.358423,Shoppers Stop,22.501683272951343,88.36175855969086,Clothing Store
Netra,22.4963257,88.358423,Spencer's Hyper,22.501436082093846,88.36166381835938,Department Store
Netra,22.4963257,88.358423,Denzong Kitchen,22.48682495014734,88.3613634109497,Dumpling Restaurant
Netra,22.4963257,88.358423,Starbucks,22.501475730284696,88.36181402206421,Coffee Shop
Netra,22.4963257,88.358423,Pantaloons,22.50172475066913,88.36176604536132,Clothing Store
Netra,22.4963257,88.358423,Flame & Grill,22.50155257997716,88.36162705081131,Indian Restaurant
Netra,22.4963257,88.358423,Momo I Am,22.50305005004157,88.35818376681533,Dumpling Restaurant
Netra,22.4963257,88.358423,Chili's Grill & Bar,22.501470285760472,88.36111450240416,Tex-Mex Restaurant
Netra,22.4963257,88.358423,KFC,22.50166364022333,88.36171297401805,Fast Food Restaurant
Netra,22.4963257,88.358423,Cafe Coffee Day,22.50314986471064,88.35736155509949,Café
Netra,22.4963257,88.358423,Cafe Coffee Day,22.489600589164827,88.36124539375305,Café
Netra,22.4963257,88.358423,Cafe Coffee Day,22.501416257994165,88.36196422576904,Café
Netra,22.4963257,88.358423,Aminia,22.48617068427234,88.35153579711914,Mughlai Restaurant
Netra,22.4963257,88.358423,Domino's Pizza,22.504,88.367,Pizza Place
Netra,22.4963257,88.358423,Domino's Pizza,22.50217948378093,88.36412072181702,Pizza Place
Netra,22.4963257,88.358423,Princeton Club,22.501757471291935,88.3495997018316,Lounge
Netra,22.4963257,88.358423,Navina Cinema Hall,22.50092065457862,88.34871411323547,Movie Theater
Netra,22.4963257,88.358423,Tandoor Park,22.50649113476751,88.36726427078247,Asian Restaurant
Netra,22.4963257,88.358423,Golden Gate,22.49375846022918,88.37152846816834,Chinese Restaurant
Netra,22.4963257,88.358423,Jadavpur 8B Bus Stand,22.495528374659763,88.3705472946167,Bus Station
Netra,22.4963257,88.358423,Silver Screen,22.492197743831664,88.34595680236816,Restaurant
Netra,22.4963257,88.358423,Mahanayak Uttam Kumar Metro Station,22.495062487670484,88.34505558013916,Metro Station
Netra,22.4963257,88.358423,Lake Gardens Railway Station,22.50791841030528,88.35342407226562,Train Station
Netra,22.4963257,88.358423,Choco Cafe,22.486008681408826,88.35050691971271,Café
Netra,22.4963257,88.358423,Calcutta Bistro,22.49186071124546,88.37213516235352,Bistro
New Alipore,22.509880399999997,88.3359538,Barista,22.513663237847574,88.32790945707296,Café
New Alipore,22.509880399999997,88.3359538,Kookie Jar,22.52220760800285,88.33124859024414,Café
New Alipore,22.509880399999997,88.3359538,Zyka,22.508965069697684,88.33626866689522,Asian Restaurant
New Alipore,22.509880399999997,88.3359538,Arsalan,22.51525278830483,88.32314729690552,Mughlai Restaurant
New Alipore,22.509880399999997,88.3359538,Bachan's Dhaba,22.517056589216978,88.34517359733582,Dhaba
New Alipore,22.509880399999997,88.3359538,Yogo - Frozen Yogurt,22.514731934303196,88.32564147052949,Frozen Yogurt Shop
New Alipore,22.509880399999997,88.3359538,Rash Behari More,22.5169722298417,88.3463246222304,Plaza
New Alipore,22.509880399999997,88.3359538,Cafe Coffee Day,22.513883432306255,88.32383047550142,Café
New Alipore,22.509880399999997,88.3359538,Cafe Coffee Day,22.514563968009185,88.3467936515808,Café
New Alipore,22.509880399999997,88.3359538,Domino's Pizza,22.515,88.327,Pizza Place
New Alipore,22.509880399999997,88.3359538,Subway,22.51368470062139,88.3273875459475,Fast Food Restaurant
New Alipore,22.509880399999997,88.3359538,Charu Market,22.503988411195028,88.34544718265533,Market
New Alipore,22.509880399999997,88.3359538,The Cream & Fudge Factory,22.52226963972952,88.33168745040894,Dessert Shop
New Barrackpore,22.760336300000002,88.3710985,Barrackpore Railway Station,22.76023427278455,88.3711266517639,Train Station
New Barrackpore,22.760336300000002,88.3710985,New Barrackpore Railway Station,22.760273846385964,88.37127685546875,Train Station
New Barrackpore,22.760336300000002,88.3710985,Mio Amore,22.75172207080901,88.37570880205425,Bakery
New Barrackpore,22.760336300000002,88.3710985,Titagarh Railway Station,22.77022594112957,88.37737229176278,Platform
New Garia,22.4727076,88.3977962,Inox,22.48319670950164,88.39080333709717,Multiplex
New Garia,22.4727076,88.3977962,Kavi Subash Metro Station,22.47231141705965,88.3981204032898,Metro Station
New Garia,22.4727076,88.3977962,New Garia Railway Station,22.472045493337824,88.39811076728117,Train Station
New Garia,22.4727076,88.3977962,Club Verde Vista,22.47536944959281,88.40092914144667,Hotel
New Garia,22.4727076,88.3977962,HDFC Bank ATM,22.474738,88.405747,ATM
New Garia,22.4727076,88.3977962,Shahid Khudiram Metro Station,22.46598109721522,88.39163482189178,Metro Station
New Garia,22.4727076,88.3977962,Metropolis Mall,22.48319670950164,88.39080333709717,Shopping Mall
New Garia,22.4727076,88.3977962,Big Bazaar,22.48319670950164,88.39080333709717,Department Store
Padmapukur,22.5315429,88.3524573831443,Jai Hind Dhaba,22.533109206899187,88.35326750112607,Dhaba
Padmapukur,22.5315429,88.3524573831443,Balaram Mullick & Radharaman Mullick,22.53309675113572,88.34708213260403,Indian Sweet Shop
Padmapukur,22.5315429,88.3524573831443,Red Hot Chilli Pepper,22.529016083164827,88.35580534635506,Chinese Restaurant
Padmapukur,22.5315429,88.3524573831443,New Sharma's Dhaba,22.534092586864595,88.35678557302948,Dhaba
Padmapukur,22.5315429,88.3524573831443,Oh! Calcutta,22.53835691442138,88.35140625118088,Bengali Restaurant
Padmapukur,22.5315429,88.3524573831443,The French Loaf,22.539240423448703,88.35492074489594,Bakery
Padmapukur,22.5315429,88.3524573831443,TGI Fridays,22.538591688992373,88.3513984332749,American Restaurant
Padmapukur,22.5315429,88.3524573831443,Privy Ultra Lounge,22.538145062632534,88.35112105873428,Nightclub
Padmapukur,22.5315429,88.3524573831443,Azad Hind Dhaba,22.53578100992001,88.3570908279753,Dhaba
Padmapukur,22.5315429,88.3524573831443,The Corner Courtyard,22.52577918884149,88.35261113769022,Hotel
Padmapukur,22.5315429,88.3524573831443,Tyre Patty,22.538047883894258,88.34916916320414,Café
Padmapukur,22.5315429,88.3524573831443,Balwant Singh's Eating House,22.537714013534053,88.34421978219828,Dhaba
Padmapukur,22.5315429,88.3524573831443,Underground,22.54129002888685,88.35062863439614,Nightclub
Padmapukur,22.5315429,88.3524573831443,Picadilly Square,22.538736037218378,88.35435748100281,Café
Padmapukur,22.5315429,88.3524573831443,The Rouge,22.541217298910773,88.35926670939986,Café
Padmapukur,22.5315429,88.3524573831443,Hotel Hindusthan International,22.541075138603233,88.35048995950599,Hotel
Padmapukur,22.5315429,88.3524573831443,Inox,22.538450321858086,88.35138027670322,Multiplex
Padmapukur,22.5315429,88.3524573831443,The Bikers Cafe,22.537719331717604,88.34899306297302,American Restaurant
Padmapukur,22.5315429,88.3524573831443,Subway,22.540684109914253,88.35238825392982,Sandwich Place
Padmapukur,22.5315429,88.3524573831443,Ammini,22.521100189234236,88.35228681564331,Kerala Restaurant
Padmapukur,22.5315429,88.3524573831443,8th Day Cafe & Bakery,22.54240650553313,88.36098124876465,Café
Padmapukur,22.5315429,88.3524573831443,Mama Mia!,22.527692395184957,88.36126689677388,Ice Cream Shop
Padmapukur,22.5315429,88.3524573831443,Mithai,22.53835353486725,88.36498975753784,Indian Sweet Shop
Padmapukur,22.5315429,88.3524573831443,Monkey Bar,22.54426932077957,88.35207760334015,Gastropub
Padmapukur,22.5315429,88.3524573831443,Balwant Singh's Snack Corner,22.537708685771694,88.34422786780709,Fast Food Restaurant
Padmapukur,22.5315429,88.3524573831443,Kookie Jar,22.54359550871261,88.35816085338593,Bakery
Padmapukur,22.5315429,88.3524573831443,Forum Mall,22.53860126968133,88.35111737251282,Shopping Mall
Padmapukur,22.5315429,88.3524573831443,The Cream & Fudge Factory,22.53454891550832,88.36485351370527,Bakery
Padmapukur,22.5315429,88.3524573831443,Kaidi Kitchen,22.54246587522062,88.35158944129944,Theme Restaurant
Padmapukur,22.5315429,88.3524573831443,Deshapriya Park,22.518394558202573,88.35317730903624,Park
Padmapukur,22.5315429,88.3524573831443,Mainland China,22.53705616463969,88.35928036581664,Chinese Restaurant
Padmapukur,22.5315429,88.3524573831443,Paris Café,22.534915239713765,88.36481159711806,Bakery
Padmapukur,22.5315429,88.3524573831443,Mythh,22.540910136769966,88.35167527198792,Restaurant
Padmapukur,22.5315429,88.3524573831443,Cafe Mezzuna,22.53835753027732,88.35143268133186,Italian Restaurant
Padmapukur,22.5315429,88.3524573831443,Calcutta Cricket and Football Club,22.532939703121933,88.36423324314768,Sports Club
Padmapukur,22.5315429,88.3524573831443,Oudh 1590,22.51858286390888,88.35025906562805,Awadhi Restaurant
Padmapukur,22.5315429,88.3524573831443,Balaram Mullick & Radharaman Mullick,22.52824557543919,88.36643815040588,Indian Sweet Shop
Padmapukur,22.5315429,88.3524573831443,Aqua Java Fast Food Pvt. Ltd.,22.54294895951828,88.35586669033904,Café
Padmapukur,22.5315429,88.3524573831443,Rabindra Sadan,22.541940691589424,88.34484100341797,Performing Arts Venue
Padmapukur,22.5315429,88.3524573831443,Smoke Shack,22.523251858661805,88.36377448643061,Lounge
Padmapukur,22.5315429,88.3524573831443,Cafe Coffee Day,22.528270922769387,88.35881774175695,Café
Padmapukur,22.5315429,88.3524573831443,Pan Asia Continental Hotel,22.533065255776958,88.35318837854379,Hotel
Padmapukur,22.5315429,88.3524573831443,Chai Break,22.539381735917196,88.34706981626309,Tea Room
Padmapukur,22.5315429,88.3524573831443,ATS Arun Tea Stall,22.544849700688523,88.35455651967231,Tea Room
Padmapukur,22.5315429,88.3524573831443,Nandan,22.54203418857059,88.34543976955383,Indie Theater
Padmapukur,22.5315429,88.3524573831443,Cafe Coffee Day,22.525475667229617,88.3452969789505,Café
Padmapukur,22.5315429,88.3524573831443,Hotel Park Plaza,22.523317433172185,88.36381243056712,Hotel
Padmapukur,22.5315429,88.3524573831443,Chai Break,22.535826729446256,88.36500121963104,Hookah Bar
Padmapukur,22.5315429,88.3524573831443,Cafe Coffee Day,22.538541813366496,88.35195422172546,Café
Padmapukur,22.5315429,88.3524573831443,McDonald's,22.5362130875618,88.3459997177124,Fast Food Restaurant
Padmapukur,22.5315429,88.3524573831443,Domino's Pizza,22.537,88.358,Pizza Place
Padmapukur,22.5315429,88.3524573831443,Shoppers Stop,22.53835353486725,88.35131049156189,Department Store
Padmapukur,22.5315429,88.3524573831443,Baskin-Robbins,22.540028213555793,88.3584451675415,Ice Cream Shop
Padmapukur,22.5315429,88.3524573831443,Ballygunge Phari,22.527779798694564,88.36609482765198,Plaza
Padmapukur,22.5315429,88.3524573831443,Cafe Coffee Day,22.54359550871261,88.35816085338593,Café
Padmapukur,22.5315429,88.3524573831443,Urban Desi,22.54426932077957,88.35207760334015,Indian Restaurant
Padmapukur,22.5315429,88.3524573831443,Kewpie's,22.536574785848348,88.35083842277527,Bengali Restaurant
Padmapukur,22.5315429,88.3524573831443,Ballygunge Dhaba,22.528196024796333,88.36578369140625,Dhaba
Padmapukur,22.5315429,88.3524573831443,Ice Skating Rink,22.52705001628729,88.36606309048823,Flea Market
Padmapukur,22.5315429,88.3524573831443,Haldiram Food City,22.532821925843496,88.36478765709987,Vegetarian / Vegan Restaurant
Padmapukur,22.5315429,88.3524573831443,Haldiram Food City,22.541747694325462,88.34752378349883,Food Court
Padmapukur,22.5315429,88.3524573831443,Park Prime,22.54089501843924,88.35676870238468,Hotel
Padmapukur,22.5315429,88.3524573831443,Birla Industrial and Technological Museum,22.534399627074535,88.36378812789917,Science Museum
Padmapukur,22.5315429,88.3524573831443,Govinda's,22.54363514480761,88.35363864898682,Asian Restaurant
Padmapukur,22.5315429,88.3524573831443,Starmark,22.543550237030196,88.34885188040607,Bookstore
Padmapukur,22.5315429,88.3524573831443,Sharma Tea House,22.52730134223983,88.36534253812547,Tea Room
Padmapukur,22.5315429,88.3524573831443,Yoforia,22.543853143126633,88.35612773895264,Frozen Yogurt Shop
Park Circus,22.540565700000002,88.3738598,Yauatcha,22.539091355187338,88.36557324255233,Chinese Restaurant
Park Circus,22.540565700000002,88.3738598,Quest Mall,22.539068009925764,88.36552456686483,Shopping Mall
Park Circus,22.540565700000002,88.3738598,Bombay Brasserie,22.53876974957041,88.3655321583331,Indian Restaurant
Park Circus,22.540565700000002,88.3738598,Serafina,22.539176012738004,88.3654510974884,Italian Restaurant
Park Circus,22.540565700000002,88.3738598,Mithai,22.53835353486725,88.36498975753784,Indian Sweet Shop
Park Circus,22.540565700000002,88.3738598,Arsalan,22.543709081202824,88.36599388000617,Mughlai Restaurant
Park Circus,22.540565700000002,88.3738598,The Irish House,22.539018049959683,88.36557017703898,Irish Pub
Park Circus,22.540565700000002,88.3738598,Arsalan,22.541732599409258,88.36340188980103,Mughlai Restaurant
Park Circus,22.540565700000002,88.3738598,Chili's Grill & Bar,22.539151461669206,88.36549604020865,Tex-Mex Restaurant
Park Circus,22.540565700000002,88.3738598,Shiraz Golden Restaurant,22.546535533549203,88.3616544965681,Mughlai Restaurant
Park Circus,22.540565700000002,88.3738598,8th Day Cafe & Bakery,22.54240650553313,88.36098124876465,Café
Park Circus,22.540565700000002,88.3738598,Inox,22.539139076100746,88.3655587998217,Multiplex
Park Circus,22.540565700000002,88.3738598,The GRID,22.541975373588954,88.3863615989685,Brewery
Park Circus,22.540565700000002,88.3738598,The Rouge,22.541217298910773,88.35926670939986,Café
Park Circus,22.540565700000002,88.3738598,Charcoal Grill,22.541029047334092,88.36778461933136,Indian Restaurant
Park Circus,22.540565700000002,88.3738598,The Cream & Fudge Factory,22.53454891550832,88.36485351370527,Bakery
Park Circus,22.540565700000002,88.3738598,Jhaal Farezi,22.542485693431733,88.3649468421936,Café
Park Circus,22.540565700000002,88.3738598,Paris Café,22.534915239713765,88.36481159711806,Bakery
Park Circus,22.540565700000002,88.3738598,Park Circus Maidan,22.54298114778473,88.36870193481445,Park
Park Circus,22.540565700000002,88.3738598,Daawat E Shiraz,22.546625858440795,88.36163055502526,Awadhi Restaurant
Park Circus,22.540565700000002,88.3738598,Spencer's Hyper,22.539201491531596,88.36558015564806,Department Store
Park Circus,22.540565700000002,88.3738598,Kim Ling,22.546370007873904,88.38696241378784,Chinese Restaurant
Park Circus,22.540565700000002,88.3738598,Bohemian,22.529425566363432,88.3686920178698,Bengali Restaurant
Park Circus,22.540565700000002,88.3738598,Calcutta Cricket and Football Club,22.532939703121933,88.36423324314768,Sports Club
Park Circus,22.540565700000002,88.3738598,Mocha,22.543133469563905,88.36059097663687,Café
Park Circus,22.540565700000002,88.3738598,Lifestyle,22.539396039916312,88.36559378472143,Clothing Store
Park Circus,22.540565700000002,88.3738598,Chai Break,22.535826729446256,88.36500121963104,Hookah Bar
Park Circus,22.540565700000002,88.3738598,The Coffee Bean & Tea Leaf,22.538808980119725,88.3655236253766,Coffee Shop
Park Circus,22.540565700000002,88.3738598,Park Circus Railway Station,22.540563313706233,88.37389469146729,Train Station
Park Circus,22.540565700000002,88.3738598,Haldiram Food City,22.532821925843496,88.36478765709987,Vegetarian / Vegan Restaurant
Park Circus,22.540565700000002,88.3738598,Tandoori Delights,22.544762291494884,88.36423873901367,Mughlai Restaurant
Park Circus,22.540565700000002,88.3738598,Birla Industrial and Technological Museum,22.534399627074535,88.36378812789917,Science Museum
Patipukur,22.607913699999997,88.39349370000001,Cafe Coffee Day,22.60619834968458,88.40289952552068,Café
Patipukur,22.607913699999997,88.39349370000001,Jaya Multiplex,22.60619834968458,88.40284742517824,Multiplex
Patipukur,22.607913699999997,88.39349370000001,Domino's Pizza,22.602,88.4,Pizza Place
Patipukur,22.607913699999997,88.39349370000001,Belgachia Metro Railway Station,22.607465744018555,88.39106750488281,Metro Station
Patipukur,22.607913699999997,88.39349370000001,Silver chimney,22.608960094536354,88.39852761406324,Asian Restaurant
Patipukur,22.607913699999997,88.39349370000001,Kolkata Station,22.601194549899578,88.38413000106812,Train Station
Patipukur,22.607913699999997,88.39349370000001,Bisk Farm Just Baked,22.608645060660013,88.40063073408132,Bakery
Patipukur,22.607913699999997,88.39349370000001,Tala Railway Station,22.60584976716627,88.37945222854614,Train Station
Patipukur,22.607913699999997,88.39349370000001,Mio Amore,22.621092212206577,88.39279088001274,Bakery
Prinsep Ghat,22.556592499999997,88.3314074,Princep Ghat,22.559267458018144,88.33305706140452,Harbor / Marina
Prinsep Ghat,22.556592499999997,88.3314074,James Princep Memorial Monument,22.55561744340778,88.3314393087946,Historic Site
Prinsep Ghat,22.556592499999997,88.3314074,Fort William,22.554237391420223,88.33677291870117,Military Base
Prinsep Ghat,22.556592499999997,88.3314074,Avani Riverside Mall,22.563240625270023,88.323724824009,Shopping Mall
Prinsep Ghat,22.556592499999997,88.3314074,Ordnance Club,22.550051266079798,88.32868282283923,Food
Prinsep Ghat,22.556592499999997,88.3314074,Pizza Hut,22.563278096911965,88.32366281631082,Pizza Place
Prinsep Ghat,22.556592499999997,88.3314074,Netaji Indoor Stadium,22.566156514407012,88.3416974544525,Stadium
Prinsep Ghat,22.556592499999997,88.3314074,McDonald's,22.562616250075976,88.32350622830776,Fast Food Restaurant
Prinsep Ghat,22.556592499999997,88.3314074,PVR Cinemas,22.563216412374185,88.32370394031015,Multiplex
Prinsep Ghat,22.556592499999997,88.3314074,Scoop,22.55909642,88.33286344,Ice Cream Shop
Prinsep Ghat,22.556592499999997,88.3314074,Outram Ghat,22.563828254635645,88.33806037902832,River
Prinsep Ghat,22.556592499999997,88.3314074,Eden Garden Park,22.564244372033293,88.34074258804321,Park
Prinsep Ghat,22.556592499999997,88.3314074,Reliance Digital,22.564680303198223,88.32128047943115,Electronics Store
Prinsep Ghat,22.556592499999997,88.3314074,Race Course,22.54434859257118,88.33649396896362,Racetrack
Prinsep Ghat,22.556592499999997,88.3314074,KSB Pumps Limited,22.5698025,88.3314149,Electronics Store
Ramrajatala,22.588660600000004,88.2966655,HDFC Bank ATM,22.588176,88.298501,ATM
Ramrajatala,22.588660600000004,88.2966655,Cafe Coffee Day,22.585330735429928,88.28425125133067,Café
Ramrajatala,22.588660600000004,88.2966655,Axis Bank ATM,22.58755,88.30307,ATM
Ramrajatala,22.588660600000004,88.2966655,Axis Bank ATM,22.59697,88.29467,ATM
Ramrajatala,22.588660600000004,88.2966655,Kathleen,22.59518071873916,88.28885316819229,Bakery
Ramrajatala,22.588660600000004,88.2966655,UCO Bank ATM,22.58078,88.29029,ATM
Ramrajatala,22.588660600000004,88.2966655,Santragachi Junction Station,22.583067416863024,88.28469514846802,Train Station
Ramrajatala,22.588660600000004,88.2966655,Royal Enfield Showroom,22.6013889,88.2963669,Motorcycle Shop
Ramrajatala,22.588660600000004,88.2966655,Axis Bank ATM,22.5993125,88.3048125,ATM
Remount Road,22.5259855,88.31670749999999,Arsalan,22.51525278830483,88.32314729690552,Mughlai Restaurant
Remount Road,22.5259855,88.31670749999999,Sparkz,22.52716998685191,88.32551335896203,Athletics & Sports
Remount Road,22.5259855,88.31670749999999,Check In Check Out,22.522684824988897,88.32776237367823,Hotel
Remount Road,22.5259855,88.31670749999999,Maggi wale Bhaiya,22.514418352315822,88.32398073566804,Breakfast Spot
Rishra,22.7227211,88.3619835,MedPlus,22.717609,88.368978,Pharmacy
Rishra,22.7227211,88.3619835,Axis Bank ATM,22.725816,88.373655,ATM
Rishra,22.7227211,88.3619835,Silver Spoon Club,22.718075087262147,88.37354285189946,Restaurant
Rishra,22.7227211,88.3619835,HDFC Bank ATM,22.720892,88.375606,ATM
Santragachi Junction,22.5846995,88.2830722,Cafe Coffee Day,22.585330735429928,88.28425125133067,Café
Santragachi Junction,22.5846995,88.2830722,Santragachi Junction Station,22.583067416863024,88.28469514846802,Train Station
Santragachi Junction,22.5846995,88.2830722,UCO Bank ATM,22.58078,88.29029,ATM
Santragachi Junction,22.5846995,88.2830722,HDFC Bank ATM,22.581045,88.272612,ATM
Santragachi Junction,22.5846995,88.2830722,Kathleen,22.59518071873916,88.28885316819229,Bakery
Sealdah,22.567966100000003,88.3711047,Big Bazaar,22.565918736488236,88.36963534355162,Department Store
Sealdah,22.567966100000003,88.3711047,Bhim Chandra Nag,22.570638822213024,88.37152372833114,Indian Sweet Shop
Sealdah,22.567966100000003,88.3711047,Indian Coffee House,22.576186678115835,88.36401300379693,Café
Sealdah,22.567966100000003,88.3711047,Café Coffee Day,22.565918736488236,88.36963534355162,Café
Sealdah,22.567966100000003,88.3711047,College Square,22.57474596671362,88.36389541625975,Plaza
Sealdah,22.567966100000003,88.3711047,College Street Market,22.576320637232534,88.36363117811548,Bookstore
Sealdah,22.567966100000003,88.3711047,Paramount,22.573874166664815,88.3644962310791,Juice Bar
Sealdah,22.567966100000003,88.3711047,Sealdah Railway Station,22.56796955755306,88.3711266517639,Train Station
Sealdah,22.567966100000003,88.3711047,Sealdah Rajdhani,22.568173374957258,88.37283664335622,Platform
Sealdah,22.567966100000003,88.3711047,Santosh Mitra Square,22.56600790325582,88.36571931838989,Park
Sealdah,22.567966100000003,88.3711047,HDFC Bank ATM,22.57686,88.372493,ATM
Sealdah,22.567966100000003,88.3711047,Putiram,22.573943514597858,88.3636486530304,Breakfast Spot
Sealdah,22.567966100000003,88.3711047,College Square Swimming Club,22.575192497014992,88.36442286831601,Pool
Sealdah,22.567966100000003,88.3711047,Hind INOX,22.564914249033535,88.35915197939791,Multiplex
Sealdah,22.567966100000003,88.3711047,Ananda Palit,22.55568121817436,88.37250012381388,Bus Station
Shalimar,22.562351100000004,88.31004250000001,Avani Riverside Mall,22.563240625270023,88.323724824009,Shopping Mall
Shalimar,22.562351100000004,88.31004250000001,Pizza Hut,22.563278096911965,88.32366281631082,Pizza Place
Shalimar,22.562351100000004,88.31004250000001,McDonald's,22.562616250075976,88.32350622830776,Fast Food Restaurant
Shalimar,22.562351100000004,88.31004250000001,PVR Cinemas,22.563216412374185,88.32370394031015,Multiplex
Shalimar,22.562351100000004,88.31004250000001,HDFC Bank ATM,22.568921074531573,88.3140861825854,ATM
Shalimar,22.562351100000004,88.31004250000001,Shalimar Railway Station (SHM),22.55594160178811,88.3151650428772,Train Station
Shalimar,22.562351100000004,88.31004250000001,HDFC Bank ATM,22.562854,88.296217,ATM
Shalimar,22.562351100000004,88.31004250000001,Pantaloons,22.562738417404887,88.32406997680663,Men's Store
Shrirampur,22.7549951,88.3416672,OM RESTURANT,22.757704879516968,88.3418089567366,Indian Restaurant
Shrirampur,22.7549951,88.3416672,Serampur Railway Station,22.75461470496213,88.33837151527405,Train Station
Shrirampur,22.7549951,88.3416672,Sleepwell,22.7511292,88.3423372,Mattress Store
Shrirampur,22.7549951,88.3416672,Serampore Ferry Ghat,22.75919504,88.34247835,Boat or Ferry
Shrirampur,22.7549951,88.3416672,Sleepwell,22.74918,88.34723,Mattress Store
Shrirampur,22.7549951,88.3416672,Barrackpore Ferry Ghat,22.764212336043485,88.34473534768208,Boat or Ferry
Shrirampur,22.7549951,88.3416672,Royal Enfield Showroom,22.7542146,88.3280616,Motorcycle Shop
Sir Gurudas Banerjee Halt,22.5741753,88.38504509999999,Cafe Coffee Day,22.577618905113656,88.39043855667114,Café
Sir Gurudas Banerjee Halt,22.5741753,88.38504509999999,Honey Da Dhaba,22.58271079359329,88.3910608291626,Dhaba
Sir Gurudas Banerjee Halt,22.5741753,88.38504509999999,Domino's Pizza,22.576,88.39,Pizza Place
Sir Gurudas Banerjee Halt,22.5741753,88.38504509999999,Pantaloons,22.575023346452493,88.38971190089582,Department Store
Sir Gurudas Banerjee Halt,22.5741753,88.38504509999999,Cafe Coffee Day,22.569405039762767,88.39118483672455,Café
Sir Gurudas Banerjee Halt,22.5741753,88.38504509999999,Bhim Chandra Nag,22.570638822213024,88.37152372833114,Indian Sweet Shop
Sir Gurudas Banerjee Halt,22.5741753,88.38504509999999,Barista,22.57511268792531,88.38987247967027,Coffee Shop
Sir Gurudas Banerjee Halt,22.5741753,88.38504509999999,HDFC Bank ATM,22.57686,88.372493,ATM
Sir Gurudas Banerjee Halt,22.5741753,88.38504509999999,Sealdah Rajdhani,22.568173374957258,88.37283664335622,Platform
Sir Gurudas Banerjee Halt,22.5741753,88.38504509999999,Platform # D,22.568659774743104,88.37192661263693,Platform
Sodepur,22.698037300000003,88.3803135,Penguin Dhaba,22.70517629814379,88.3743667602539,Dhaba
Sodepur,22.698037300000003,88.3803135,Sriniketan Shoppers Pleasure,22.700524447796603,88.37981700897217,Clothing Store
Sodepur,22.698037300000003,88.3803135,Sodepur Station,22.700088947335264,88.38219881057739,Train Station
Sodepur,22.698037300000003,88.3803135,HDFC Bank ATM,22.696415,88.394395,ATM
Sonarpur Junction,22.4427478,88.43090129999999,The Radici,22.442565819888927,88.43013525009155,Food Service
Sonarpur Junction,22.4427478,88.43090129999999,Sonarpur Market,22.439512385414552,88.42957609357158,Fish Market
Sonarpur Junction,22.4427478,88.43090129999999,Axis Bank ATM,22.44782066,88.43112946,ATM
Sonarpur Junction,22.4427478,88.43090129999999,Axis Bank ATM,22.44856,88.42087,ATM
Sonarpur Junction,22.4427478,88.43090129999999,Axis Bank ATM,22.4487,88.41835,ATM
Tala,22.4972293,88.3524505,Royal Calcutta Golf Club (RCGC),22.494599652615197,88.35106648888241,Golf Course
Tala,22.4972293,88.3524505,Tollygunge Club,22.495360102026766,88.34308369634587,Sports Club
Tala,22.4972293,88.3524505,Starmark,22.50160473533416,88.36172554894057,Bookstore
Tala,22.4972293,88.3524505,South City Mall,22.501757795323314,88.36172644899912,Shopping Mall
Tala,22.4972293,88.3524505,Subway,22.501666871898916,88.36178700519184,Sandwich Place
Tala,22.4972293,88.3524505,Mainland China,22.5016520957947,88.36169921050062,Chinese Restaurant
Tala,22.4972293,88.3524505,Inox,22.501690228399905,88.36174064959422,Multiplex
Tala,22.4972293,88.3524505,Shoppers Stop,22.501683272951343,88.36175855969086,Clothing Store
Tala,22.4972293,88.3524505,Spencer's Hyper,22.501436082093846,88.36166381835938,Department Store
Tala,22.4972293,88.3524505,Denzong Kitchen,22.48682495014734,88.3613634109497,Dumpling Restaurant
Tala,22.4972293,88.3524505,Starbucks,22.501475730284696,88.36181402206421,Coffee Shop
Tala,22.4972293,88.3524505,Pantaloons,22.50172475066913,88.36176604536132,Clothing Store
Tala,22.4972293,88.3524505,Momo I Am,22.50305005004157,88.35818376681533,Dumpling Restaurant
Tala,22.4972293,88.3524505,Flame & Grill,22.50155257997716,88.36162705081131,Indian Restaurant
Tala,22.4972293,88.3524505,Chili's Grill & Bar,22.501470285760472,88.36111450240416,Tex-Mex Restaurant
Tala,22.4972293,88.3524505,Cafe Coffee Day,22.50314986471064,88.35736155509949,Café
Tala,22.4972293,88.3524505,Princeton Club,22.501757471291935,88.3495997018316,Lounge
Tala,22.4972293,88.3524505,KFC,22.50166364022333,88.36171297401805,Fast Food Restaurant
Tala,22.4972293,88.3524505,Aminia,22.48617068427234,88.35153579711914,Mughlai Restaurant
Tala,22.4972293,88.3524505,Cafe Coffee Day,22.489600589164827,88.36124539375305,Café
Tala,22.4972293,88.3524505,Cafe Coffee Day,22.501416257994165,88.36196422576904,Café
Tala,22.4972293,88.3524505,Domino's Pizza,22.50217948378093,88.36412072181702,Pizza Place
Tala,22.4972293,88.3524505,Navina Cinema Hall,22.50092065457862,88.34871411323547,Movie Theater
Tala,22.4972293,88.3524505,Mahanayak Uttam Kumar Metro Station,22.495062487670484,88.34505558013916,Metro Station
Tala,22.4972293,88.3524505,Silver Screen,22.492197743831664,88.34595680236816,Restaurant
Tala,22.4972293,88.3524505,Tolly Terrace,22.495302614326608,88.34304688693476,Hotel
Tala,22.4972293,88.3524505,Charu Market,22.503988411195028,88.34544718265533,Market
Tala,22.4972293,88.3524505,Lake Gardens Railway Station,22.50791841030528,88.35342407226562,Train Station
Tala,22.4972293,88.3524505,Choco Cafe,22.486008681408826,88.35050691971271,Café
Tala,22.4972293,88.3524505,Calcutta Rowing Club,22.509524077675035,88.35477590560913,Social Club
Tikiapara,22.598577,88.324035,Tikiapara Railway Station,22.598797546832557,88.32415580749512,Train Station
Tikiapara,22.598577,88.324035,Mitigo Consulting,22.597443023542233,88.32478612661362,Business Service
Tikiapara,22.598577,88.324035,Sleepwell,22.5920505,88.3158573,Mattress Store
Tikiapara,22.598577,88.324035,Monginis Cake Shop,22.588806,88.319842,Convenience Store
Titagarh,22.7419198,88.379201,Cafe Coffee Day,22.748684989799454,88.36706331102499,Café
Titagarh,22.7419198,88.379201,HDFC Bank ATM,22.744411,88.383564,ATM
Titagarh,22.7419198,88.379201,HDFC Bank ATM,22.743326,88.372389,ATM
Titagarh,22.7419198,88.379201,Duroflex,22.7390755,88.3863771,Mattress Store
Tollygunge,22.5002426,88.34904940000001,Royal Calcutta Golf Club (RCGC),22.494599652615197,88.35106648888241,Golf Course
Tollygunge,22.5002426,88.34904940000001,Tollygunge Club,22.495360102026766,88.34308369634587,Sports Club
Tollygunge,22.5002426,88.34904940000001,Starmark,22.50160473533416,88.36172554894057,Bookstore
Tollygunge,22.5002426,88.34904940000001,South City Mall,22.501757795323314,88.36172644899912,Shopping Mall
Tollygunge,22.5002426,88.34904940000001,Subway,22.501666871898916,88.36178700519184,Sandwich Place
Tollygunge,22.5002426,88.34904940000001,Mainland China,22.5016520957947,88.36169921050062,Chinese Restaurant
Tollygunge,22.5002426,88.34904940000001,Inox,22.501690228399905,88.36174064959422,Multiplex
Tollygunge,22.5002426,88.34904940000001,Shoppers Stop,22.501683272951343,88.36175855969086,Clothing Store
Tollygunge,22.5002426,88.34904940000001,Spencer's Hyper,22.501436082093846,88.36166381835938,Department Store
Tollygunge,22.5002426,88.34904940000001,Princeton Club,22.501757471291935,88.3495997018316,Lounge
Tollygunge,22.5002426,88.34904940000001,Starbucks,22.501475730284696,88.36181402206421,Coffee Shop
Tollygunge,22.5002426,88.34904940000001,Momo I Am,22.50305005004157,88.35818376681533,Dumpling Restaurant
Tollygunge,22.5002426,88.34904940000001,Pantaloons,22.50172475066913,88.36176604536132,Clothing Store
Tollygunge,22.5002426,88.34904940000001,Cafe Coffee Day,22.50314986471064,88.35736155509949,Café
Tollygunge,22.5002426,88.34904940000001,Flame & Grill,22.50155257997716,88.36162705081131,Indian Restaurant
Tollygunge,22.5002426,88.34904940000001,Chili's Grill & Bar,22.501470285760472,88.36111450240416,Tex-Mex Restaurant
Tollygunge,22.5002426,88.34904940000001,KFC,22.50166364022333,88.36171297401805,Fast Food Restaurant
Tollygunge,22.5002426,88.34904940000001,Navina Cinema Hall,22.50092065457862,88.34871411323547,Movie Theater
Tollygunge,22.5002426,88.34904940000001,Cafe Coffee Day,22.501416257994165,88.36196422576904,Café
Tollygunge,22.5002426,88.34904940000001,Menoka Cinema,22.510986011685425,88.3507204055786,Movie Theater
Tollygunge,22.5002426,88.34904940000001,Tolly Terrace,22.495302614326608,88.34304688693476,Hotel
Tollygunge,22.5002426,88.34904940000001,Silver Screen,22.492197743831664,88.34595680236816,Restaurant
Tollygunge,22.5002426,88.34904940000001,HDFC Bank ATM,22.486939,88.350794,ATM
Uttarpara,22.73315335,88.32132942482319,Jora Dhaba,22.727485655893226,88.31127163601454,Dhaba
Deshapran,22.5050807,88.34519209999999,Tollygunge Club,22.495360102026766,88.34308369634587,Sports Club
Deshapran,22.5050807,88.34519209999999,Royal Calcutta Golf Club (RCGC),22.494599652615197,88.35106648888241,Golf Course
Deshapran,22.5050807,88.34519209999999,Go Lebanese,22.51383054406505,88.35323095321655,Falafel Restaurant
Deshapran,22.5050807,88.34519209999999,Cinépolis,22.516558533860774,88.34893772599038,Multiplex
Deshapran,22.5050807,88.34519209999999,Banana Leaf,22.517150743013705,88.34946781396866,South Indian Restaurant
Deshapran,22.5050807,88.34519209999999,Rash Behari More,22.5169722298417,88.3463246222304,Plaza
Deshapran,22.5050807,88.34519209999999,Bachan's Dhaba,22.517056589216978,88.34517359733582,Dhaba
Deshapran,22.5050807,88.34519209999999,Princeton Club,22.501757471291935,88.3495997018316,Lounge
Deshapran,22.5050807,88.34519209999999,Momo I Am,22.50305005004157,88.35818376681533,Dumpling Restaurant
Deshapran,22.5050807,88.34519209999999,Barista,22.514852628730775,88.35259526968001,Café
Deshapran,22.5050807,88.34519209999999,Cafe Coffee Day,22.515525342150234,88.35436284542084,Café
Deshapran,22.5050807,88.34519209999999,Xrong Place,22.514577773341138,88.35328957848557,Pub
Deshapran,22.5050807,88.34519209999999,Cafe Coffee Day,22.50314986471064,88.35736155509949,Café
Deshapran,22.5050807,88.34519209999999,Lake Market,22.516684851552366,88.3497339436174,Market
Deshapran,22.5050807,88.34519209999999,Cafe Coffee Day,22.514563968009185,88.3467936515808,Café
Deshapran,22.5050807,88.34519209999999,Zyka,22.508965069697684,88.33626866689522,Asian Restaurant
Deshapran,22.5050807,88.34519209999999,Navina Cinema Hall,22.50092065457862,88.34871411323547,Movie Theater
Deshapran,22.5050807,88.34519209999999,Sree Ramakrishna Lunch Home - Bhupendra Mansion,22.514955456224182,88.35231363773346,South Indian Restaurant
Deshapran,22.5050807,88.34519209999999,Menoka Cinema,22.510986011685425,88.3507204055786,Movie Theater
Deshapran,22.5050807,88.34519209999999,Maharaj Snacks,22.516120629516674,88.35249818831669,Snack Place
Deshapran,22.5050807,88.34519209999999,Hindustan Sweets,22.50653571886969,88.33541004827485,Indian Sweet Shop
Deshapran,22.5050807,88.34519209999999,Tolly Terrace,22.495302614326608,88.34304688693476,Hotel
Deshapran,22.5050807,88.34519209999999,Lake Mall,22.516610596676667,88.34895014762878,Shopping Mall
Deshapran,22.5050807,88.34519209999999,Pan Asia International,22.516303356533918,88.35141777992249,Hotel
Deshapran,22.5050807,88.34519209999999,Silver Screen,22.492197743831664,88.34595680236816,Restaurant
Hind Motor,22.683650699999998,88.3417989,Hindmotor Station,22.680636453724244,88.34142950744248,Train Station
Hind Motor,22.683650699999998,88.3417989,Uttarpara Station,22.680636453724244,88.34142950744248,Light Rail Station
Hind Motor,22.683650699999998,88.3417989,Axis Bank ATM,22.6839298,88.34812403,ATM
Hind Motor,22.683650699999998,88.3417989,Axis Bank ATM,22.6733125,88.3489375,ATM
Hind Motor,22.683650699999998,88.3417989,Sleepwell,22.6753022,88.3520798,Mattress Store
Baltikuri,22.6094016,88.2961287,UCO Bank ATM,22.602959,88.299889,ATM
Baltikuri,22.6094016,88.2961287,Axis Bank ATM,22.62186,88.296439,ATM
Baltikuri,22.6094016,88.2961287,Axis Bank ATM,22.59697,88.29467,ATM
Baltikuri,22.6094016,88.2961287,Axis Bank ATM,22.5993125,88.3048125,ATM
